cls,seed,arm,group,auroc
bagel,333,1 segment,all,95.92074592074592
bagel,333,1 segment,geometric,96.96969696969697
bagel,333,1 segment,surface,91.02272727272728
bagel,333,1 segment,mixed,98.65702479338843
bagel,333,SAM parts,all,92.51165501165501
bagel,333,SAM parts,geometric,91.28787878787878
bagel,333,SAM parts,surface,93.97727272727272
bagel,333,SAM parts,mixed,93.18181818181817
bagel,333,SAM object/bg,all,90.9090909090909
bagel,333,SAM object/bg,geometric,87.5
bagel,333,SAM object/bg,surface,95.22727272727273
bagel,333,SAM object/bg,mixed,92.5619834710744
bagel,333,SAM object/bg + DINO,all,95.6876456876457
bagel,333,SAM object/bg + DINO,geometric,97.22222222222223
bagel,333,SAM object/bg + DINO,surface,91.36363636363636
bagel,333,SAM object/bg + DINO,mixed,97.10743801652893
bagel,333,SAM object/bg + DINO + CLIP,all,93.35664335664336
bagel,333,SAM object/bg + DINO + CLIP,geometric,94.06565656565657
bagel,333,SAM object/bg + DINO + CLIP,surface,92.27272727272727
bagel,333,SAM object/bg + DINO + CLIP,mixed,93.18181818181819
bagel,333,with 3D scanner: + real depth,all,94.98834498834499
bagel,333,with 3D scanner: + real depth,geometric,95.70707070707071
bagel,333,with 3D scanner: + real depth,surface,94.54545454545455
bagel,333,with 3D scanner: + real depth,mixed,94.21487603305785
bagel,576,1 segment,all,92.48251748251748
bagel,576,1 segment,geometric,94.1919191919192
bagel,576,1 segment,surface,84.84848484848484
bagel,576,1 segment,mixed,97.18614718614718
bagel,576,SAM parts,all,89.77272727272727
bagel,576,SAM parts,geometric,88.88888888888889
bagel,576,SAM parts,surface,84.95670995670996
bagel,576,SAM parts,mixed,96.10389610389609
bagel,576,SAM object/bg,all,92.59906759906761
bagel,576,SAM object/bg,geometric,93.49747474747474
bagel,576,SAM object/bg,surface,84.95670995670996
bagel,576,SAM object/bg,mixed,98.7012987012987
bagel,576,SAM object/bg + DINO,all,92.16200466200465
bagel,576,SAM object/bg + DINO,geometric,91.41414141414141
bagel,576,SAM object/bg + DINO,surface,88.41991341991343
bagel,576,SAM object/bg + DINO,mixed,97.18614718614718
bagel,576,SAM object/bg + DINO + CLIP,all,96.18298368298368
bagel,576,SAM object/bg + DINO + CLIP,geometric,94.50757575757575
bagel,576,SAM object/bg + DINO + CLIP,surface,96.1038961038961
bagel,576,SAM object/bg + DINO + CLIP,mixed,99.13419913419914
bagel,576,with 3D scanner: + real depth,all,95.97902097902097
bagel,576,with 3D scanner: + real depth,geometric,93.68686868686868
bagel,576,with 3D scanner: + real depth,surface,96.75324675324676
bagel,576,with 3D scanner: + real depth,mixed,99.13419913419914
bagel,725,1 segment,all,93.38578088578089
bagel,725,1 segment,geometric,94.377990430622
bagel,725,1 segment,surface,87.38636363636364
bagel,725,1 segment,mixed,97.5
bagel,725,SAM parts,all,87.0920745920746
bagel,725,SAM parts,geometric,84.80861244019138
bagel,725,SAM parts,surface,91.81818181818181
bagel,725,SAM parts,mixed,86.70454545454545
bagel,725,SAM object/bg,all,90.41375291375292
bagel,725,SAM object/bg,geometric,89.23444976076554
bagel,725,SAM object/bg,surface,94.43181818181819
bagel,725,SAM object/bg,mixed,88.63636363636364
bagel,725,SAM object/bg + DINO,all,90.53030303030303
bagel,725,SAM object/bg + DINO,geometric,89.05502392344498
bagel,725,SAM object/bg + DINO,surface,94.54545454545455
bagel,725,SAM object/bg + DINO,mixed,89.31818181818181
bagel,725,SAM object/bg + DINO + CLIP,all,91.11305361305362
bagel,725,SAM object/bg + DINO + CLIP,geometric,89.29425837320574
bagel,725,SAM object/bg + DINO + CLIP,surface,96.24999999999999
bagel,725,SAM object/bg + DINO + CLIP,mixed,89.43181818181819
bagel,725,with 3D scanner: + real depth,all,90.9965034965035
bagel,725,with 3D scanner: + real depth,geometric,89.23444976076554
bagel,725,with 3D scanner: + real depth,surface,95.68181818181817
bagel,725,with 3D scanner: + real depth,mixed,89.6590909090909
bagel,823,1 segment,all,89.80186480186481
bagel,823,1 segment,geometric,90.50116550116549
bagel,823,1 segment,surface,81.69191919191918
bagel,823,1 segment,mixed,95.45454545454545
bagel,823,SAM parts,all,88.1993006993007
bagel,823,SAM parts,geometric,85.13986013986013
bagel,823,SAM parts,surface,88.88888888888889
bagel,823,SAM parts,mixed,93.29004329004329
bagel,823,SAM object/bg,all,91.78321678321679
bagel,823,SAM object/bg,geometric,89.62703962703962
bagel,823,SAM object/bg,surface,92.92929292929293
bagel,823,SAM object/bg,mixed,94.8051948051948
bagel,823,SAM object/bg + DINO,all,92.36596736596736
bagel,823,SAM object/bg + DINO,geometric,90.9090909090909
bagel,823,SAM object/bg + DINO,surface,92.92929292929293
bagel,823,SAM object/bg + DINO,mixed,94.58874458874459
bagel,823,SAM object/bg + DINO + CLIP,all,92.65734265734267
bagel,823,SAM object/bg + DINO + CLIP,geometric,90.20979020979021
bagel,823,SAM object/bg + DINO + CLIP,surface,95.45454545454545
bagel,823,SAM object/bg + DINO + CLIP,mixed,94.80519480519482
bagel,823,with 3D scanner: + real depth,all,92.68648018648018
bagel,823,with 3D scanner: + real depth,geometric,89.39393939393939
bagel,823,with 3D scanner: + real depth,surface,95.7070707070707
bagel,823,with 3D scanner: + real depth,mixed,96.21212121212122
bagel,831,1 segment,all,91.25874125874127
bagel,831,1 segment,geometric,92.48251748251748
bagel,831,1 segment,surface,85.79545454545455
bagel,831,1 segment,mixed,94.49760765550239
bagel,831,SAM parts,all,86.42191142191142
bagel,831,SAM parts,geometric,83.97435897435899
bagel,831,SAM parts,surface,85.9090909090909
bagel,831,SAM parts,mixed,91.98564593301435
bagel,831,SAM object/bg,all,91.81235431235432
bagel,831,SAM object/bg,geometric,91.4918414918415
bagel,831,SAM object/bg,surface,88.97727272727273
bagel,831,SAM object/bg,mixed,95.45454545454545
bagel,831,SAM object/bg + DINO,all,92.13286713286713
bagel,831,SAM object/bg + DINO,geometric,90.67599067599068
bagel,831,SAM object/bg + DINO,surface,90.11363636363636
bagel,831,SAM object/bg + DINO,mixed,97.24880382775119
bagel,831,SAM object/bg + DINO + CLIP,all,93.997668997669
bagel,831,SAM object/bg + DINO + CLIP,geometric,92.65734265734265
bagel,831,SAM object/bg + DINO + CLIP,surface,94.43181818181817
bagel,831,SAM object/bg + DINO + CLIP,mixed,96.29186602870813
bagel,831,with 3D scanner: + real depth,all,93.15268065268066
bagel,831,with 3D scanner: + real depth,geometric,91.66666666666666
bagel,831,with 3D scanner: + real depth,surface,94.31818181818183
bagel,831,with 3D scanner: + real depth,mixed,94.97607655502392
bagel,902,1 segment,all,93.2109557109557
bagel,902,1 segment,geometric,95.14742014742015
bagel,902,1 segment,surface,86.98347107438018
bagel,902,1 segment,mixed,96.65071770334929
bagel,902,SAM parts,all,91.49184149184148
bagel,902,SAM parts,geometric,89.31203931203932
bagel,902,SAM parts,surface,94.83471074380165
bagel,902,SAM parts,mixed,91.86602870813397
bagel,902,SAM object/bg,all,96.0955710955711
bagel,902,SAM object/bg,geometric,95.45454545454545
bagel,902,SAM object/bg,surface,96.900826446281
bagel,902,SAM object/bg,mixed,96.4114832535885
bagel,902,SAM object/bg + DINO,all,96.56177156177156
bagel,902,SAM object/bg + DINO,geometric,97.05159705159704
bagel,902,SAM object/bg + DINO,surface,94.21487603305785
bagel,902,SAM object/bg + DINO,mixed,98.32535885167464
bagel,902,SAM object/bg + DINO + CLIP,all,97.31934731934732
bagel,902,SAM object/bg + DINO + CLIP,geometric,97.66584766584768
bagel,902,SAM object/bg + DINO + CLIP,surface,96.28099173553719
bagel,902,SAM object/bg + DINO + CLIP,mixed,97.8468899521531
bagel,902,with 3D scanner: + real depth,all,90.38461538461537
bagel,902,with 3D scanner: + real depth,geometric,87.83783783783785
bagel,902,with 3D scanner: + real depth,surface,95.66115702479338
bagel,902,with 3D scanner: + real depth,mixed,89.23444976076556
bagel,226,1 segment,all,95.13403263403262
bagel,226,1 segment,geometric,96.99197860962568
bagel,226,1 segment,surface,89.0495867768595
bagel,226,1 segment,mixed,98.34710743801652
bagel,226,SAM parts,all,85.08158508158508
bagel,226,SAM parts,geometric,81.28342245989305
bagel,226,SAM parts,surface,84.91735537190084
bagel,226,SAM parts,mixed,91.11570247933885
bagel,226,SAM object/bg,all,92.56993006993007
bagel,226,SAM object/bg,geometric,90.10695187165774
bagel,226,SAM object/bg,surface,91.73553719008264
bagel,226,SAM object/bg,mixed,97.21074380165288
bagel,226,SAM object/bg + DINO,all,93.73543123543124
bagel,226,SAM object/bg + DINO,geometric,90.24064171122996
bagel,226,SAM object/bg + DINO,surface,95.35123966942149
bagel,226,SAM object/bg + DINO,mixed,97.52066115702479
bagel,226,SAM object/bg + DINO + CLIP,all,93.7937062937063
bagel,226,SAM object/bg + DINO + CLIP,geometric,91.17647058823529
bagel,226,SAM object/bg + DINO + CLIP,surface,96.17768595041322
bagel,226,SAM object/bg + DINO + CLIP,mixed,95.45454545454545
bagel,226,with 3D scanner: + real depth,all,94.52214452214453
bagel,226,with 3D scanner: + real depth,geometric,91.31016042780749
bagel,226,with 3D scanner: + real depth,surface,98.14049586776859
bagel,226,with 3D scanner: + real depth,mixed,95.86776859504133
bagel,598,1 segment,all,92.80303030303031
bagel,598,1 segment,geometric,93.57954545454545
bagel,598,1 segment,surface,86.58008658008657
bagel,598,1 segment,mixed,98.66310160427807
bagel,598,SAM parts,all,90.3846153846154
bagel,598,SAM parts,geometric,87.8409090909091
bagel,598,SAM parts,surface,90.36796536796537
bagel,598,SAM parts,mixed,96.3903743315508
bagel,598,SAM object/bg,all,93.21095571095572
bagel,598,SAM object/bg,geometric,92.04545454545456
bagel,598,SAM object/bg,surface,93.18181818181819
bagel,598,SAM object/bg,mixed,95.98930481283423
bagel,598,SAM object/bg + DINO,all,94.34731934731934
bagel,598,SAM object/bg + DINO,geometric,93.63636363636364
bagel,598,SAM object/bg + DINO,surface,94.37229437229438
bagel,598,SAM object/bg + DINO,mixed,95.98930481283422
bagel,598,SAM object/bg + DINO + CLIP,all,93.7062937062937
bagel,598,SAM object/bg + DINO + CLIP,geometric,92.38636363636364
bagel,598,SAM object/bg + DINO + CLIP,surface,94.37229437229436
bagel,598,SAM object/bg + DINO + CLIP,mixed,95.98930481283422
bagel,598,with 3D scanner: + real depth,all,95.0174825174825
bagel,598,with 3D scanner: + real depth,geometric,93.125
bagel,598,with 3D scanner: + real depth,surface,97.40259740259741
bagel,598,with 3D scanner: + real depth,mixed,96.52406417112299
bagel,874,1 segment,all,94.02680652680652
bagel,874,1 segment,geometric,95.0358851674641
bagel,874,1 segment,surface,87.27272727272727
bagel,874,1 segment,mixed,98.86363636363636
bagel,874,SAM parts,all,88.43240093240094
bagel,874,SAM parts,geometric,85.46650717703349
bagel,874,SAM parts,surface,90.68181818181817
bagel,874,SAM parts,mixed,91.81818181818181
bagel,874,SAM object/bg,all,92.01631701631702
bagel,874,SAM object/bg,geometric,91.02870813397129
bagel,874,SAM object/bg,surface,91.13636363636364
bagel,874,SAM object/bg,mixed,94.77272727272728
bagel,874,SAM object/bg + DINO,all,93.73543123543125
bagel,874,SAM object/bg + DINO,geometric,92.10526315789474
bagel,874,SAM object/bg + DINO,surface,94.43181818181819
bagel,874,SAM object/bg + DINO,mixed,96.13636363636363
bagel,874,SAM object/bg + DINO + CLIP,all,94.23076923076923
bagel,874,SAM object/bg + DINO + CLIP,geometric,91.98564593301435
bagel,874,SAM object/bg + DINO + CLIP,surface,96.36363636363636
bagel,874,SAM object/bg + DINO + CLIP,mixed,96.36363636363636
bagel,874,with 3D scanner: + real depth,all,93.15268065268064
bagel,874,with 3D scanner: + real depth,geometric,91.14832535885168
bagel,874,with 3D scanner: + real depth,surface,94.6590909090909
bagel,874,with 3D scanner: + real depth,mixed,95.45454545454545
bagel,589,1 segment,all,91.60839160839161
bagel,589,1 segment,geometric,92.93611793611794
bagel,589,1 segment,surface,85.56818181818183
bagel,589,1 segment,mixed,95.02164502164501
bagel,589,SAM parts,all,88.78205128205127
bagel,589,SAM parts,geometric,86.67076167076166
bagel,589,SAM parts,surface,87.5
bagel,589,SAM parts,mixed,93.72294372294373
bagel,589,SAM object/bg,all,91.31701631701632
bagel,589,SAM object/bg,geometric,92.50614250614251
bagel,589,SAM object/bg,surface,84.54545454545455
bagel,589,SAM object/bg,mixed,95.67099567099567
bagel,589,SAM object/bg + DINO,all,92.48251748251748
bagel,589,SAM object/bg + DINO,geometric,92.99754299754301
bagel,589,SAM object/bg + DINO,surface,87.27272727272727
bagel,589,SAM object/bg + DINO,mixed,96.53679653679654
bagel,589,SAM object/bg + DINO + CLIP,all,94.98834498834499
bagel,589,SAM object/bg + DINO + CLIP,geometric,97.05159705159704
bagel,589,SAM object/bg + DINO + CLIP,surface,89.54545454545455
bagel,589,SAM object/bg + DINO + CLIP,mixed,96.53679653679653
bagel,589,with 3D scanner: + real depth,all,89.51048951048952
bagel,589,with 3D scanner: + real depth,geometric,91.03194103194103
bagel,589,with 3D scanner: + real depth,surface,87.27272727272728
bagel,589,with 3D scanner: + real depth,mixed,88.96103896103897
cable_gland,333,1 segment,all,73.87136672850959
cable_gland,333,1 segment,geometric,73.87136672850959
cable_gland,333,SAM parts,all,65.18243661100804
cable_gland,333,SAM parts,geometric,65.18243661100804
cable_gland,333,SAM object/bg,all,72.10884353741497
cable_gland,333,SAM object/bg,geometric,72.10884353741497
cable_gland,333,SAM object/bg + DINO,all,77.05627705627707
cable_gland,333,SAM object/bg + DINO,geometric,77.05627705627707
cable_gland,333,SAM object/bg + DINO + CLIP,all,84.32282003710576
cable_gland,333,SAM object/bg + DINO + CLIP,geometric,84.32282003710576
cable_gland,333,with 3D scanner: + real depth,all,95.11440940012368
cable_gland,333,with 3D scanner: + real depth,geometric,95.11440940012368
cable_gland,576,1 segment,all,76.9016697588126
cable_gland,576,1 segment,geometric,76.9016697588126
cable_gland,576,SAM parts,all,62.46134817563389
cable_gland,576,SAM parts,geometric,62.46134817563389
cable_gland,576,SAM object/bg,all,76.25231910946196
cable_gland,576,SAM object/bg,geometric,76.25231910946196
cable_gland,576,SAM object/bg + DINO,all,82.25108225108227
cable_gland,576,SAM object/bg + DINO,geometric,82.25108225108227
cable_gland,576,SAM object/bg + DINO + CLIP,all,90.1669758812616
cable_gland,576,SAM object/bg + DINO + CLIP,geometric,90.1669758812616
cable_gland,576,with 3D scanner: + real depth,all,95.36178107606679
cable_gland,576,with 3D scanner: + real depth,geometric,95.36178107606679
cable_gland,725,1 segment,all,70.9647495361781
cable_gland,725,1 segment,geometric,70.9647495361781
cable_gland,725,SAM parts,all,65.67717996289424
cable_gland,725,SAM parts,geometric,65.67717996289424
cable_gland,725,SAM object/bg,all,77.92207792207792
cable_gland,725,SAM object/bg,geometric,77.92207792207792
cable_gland,725,SAM object/bg + DINO,all,84.53927025355597
cable_gland,725,SAM object/bg + DINO,geometric,84.53927025355597
cable_gland,725,SAM object/bg + DINO + CLIP,all,90.4143475572047
cable_gland,725,SAM object/bg + DINO + CLIP,geometric,90.4143475572047
cable_gland,725,with 3D scanner: + real depth,all,98.57761286332715
cable_gland,725,with 3D scanner: + real depth,geometric,98.57761286332715
cable_gland,823,1 segment,all,70.1917130488559
cable_gland,823,1 segment,geometric,70.1917130488559
cable_gland,823,SAM parts,all,70.68645640074212
cable_gland,823,SAM parts,geometric,70.68645640074212
cable_gland,823,SAM object/bg,all,74.21150278293135
cable_gland,823,SAM object/bg,geometric,74.21150278293135
cable_gland,823,SAM object/bg + DINO,all,79.83920841063699
cable_gland,823,SAM object/bg + DINO,geometric,79.83920841063699
cable_gland,823,SAM object/bg + DINO + CLIP,all,86.70377241805814
cable_gland,823,SAM object/bg + DINO + CLIP,geometric,86.70377241805814
cable_gland,823,with 3D scanner: + real depth,all,97.40259740259741
cable_gland,823,with 3D scanner: + real depth,geometric,97.40259740259741
cable_gland,831,1 segment,all,66.1100803957947
cable_gland,831,1 segment,geometric,66.1100803957947
cable_gland,831,SAM parts,all,66.91403834260977
cable_gland,831,SAM parts,geometric,66.91403834260977
cable_gland,831,SAM object/bg,all,81.57081014223871
cable_gland,831,SAM object/bg,geometric,81.57081014223871
cable_gland,831,SAM object/bg + DINO,all,80.95238095238095
cable_gland,831,SAM object/bg + DINO,geometric,80.95238095238095
cable_gland,831,SAM object/bg + DINO + CLIP,all,86.70377241805814
cable_gland,831,SAM object/bg + DINO + CLIP,geometric,86.70377241805814
cable_gland,831,with 3D scanner: + real depth,all,94.18676561533704
cable_gland,831,with 3D scanner: + real depth,geometric,94.18676561533704
cable_gland,902,1 segment,all,69.60420531849104
cable_gland,902,1 segment,geometric,69.60420531849104
cable_gland,902,SAM parts,all,70.81014223871367
cable_gland,902,SAM parts,geometric,70.81014223871367
cable_gland,902,SAM object/bg,all,77.36549165120594
cable_gland,902,SAM object/bg,geometric,77.36549165120594
cable_gland,902,SAM object/bg + DINO,all,87.87878787878788
cable_gland,902,SAM object/bg + DINO,geometric,87.87878787878788
cable_gland,902,SAM object/bg + DINO + CLIP,all,90.1669758812616
cable_gland,902,SAM object/bg + DINO + CLIP,geometric,90.1669758812616
cable_gland,902,with 3D scanner: + real depth,all,97.64996907854051
cable_gland,902,with 3D scanner: + real depth,geometric,97.64996907854051
cable_gland,226,1 segment,all,75.47928262213975
cable_gland,226,1 segment,geometric,75.47928262213975
cable_gland,226,SAM parts,all,73.5930735930736
cable_gland,226,SAM parts,geometric,73.5930735930736
cable_gland,226,SAM object/bg,all,78.2312925170068
cable_gland,226,SAM object/bg,geometric,78.2312925170068
cable_gland,226,SAM object/bg + DINO,all,79.34446505875077
cable_gland,226,SAM object/bg + DINO,geometric,79.34446505875077
cable_gland,226,SAM object/bg + DINO + CLIP,all,87.87878787878786
cable_gland,226,SAM object/bg + DINO + CLIP,geometric,87.87878787878786
cable_gland,226,with 3D scanner: + real depth,all,88.3116883116883
cable_gland,226,with 3D scanner: + real depth,geometric,88.3116883116883
cable_gland,598,1 segment,all,69.44959802102659
cable_gland,598,1 segment,geometric,69.44959802102659
cable_gland,598,SAM parts,all,60.04947433518863
cable_gland,598,SAM parts,geometric,60.04947433518863
cable_gland,598,SAM object/bg,all,69.44959802102659
cable_gland,598,SAM object/bg,geometric,69.44959802102659
cable_gland,598,SAM object/bg + DINO,all,71.36672850958566
cable_gland,598,SAM object/bg + DINO,geometric,71.36672850958566
cable_gland,598,SAM object/bg + DINO + CLIP,all,78.16944959802102
cable_gland,598,SAM object/bg + DINO + CLIP,geometric,78.16944959802102
cable_gland,598,with 3D scanner: + real depth,all,91.65120593692022
cable_gland,598,with 3D scanner: + real depth,geometric,91.65120593692022
cable_gland,874,1 segment,all,63.9764996907854
cable_gland,874,1 segment,geometric,63.9764996907854
cable_gland,874,SAM parts,all,66.91403834260976
cable_gland,874,SAM parts,geometric,66.91403834260976
cable_gland,874,SAM object/bg,all,73.65491651205937
cable_gland,874,SAM object/bg,geometric,73.65491651205937
cable_gland,874,SAM object/bg + DINO,all,82.31292517006801
cable_gland,874,SAM object/bg + DINO,geometric,82.31292517006801
cable_gland,874,SAM object/bg + DINO + CLIP,all,88.00247371675944
cable_gland,874,SAM object/bg + DINO + CLIP,geometric,88.00247371675944
cable_gland,874,with 3D scanner: + real depth,all,95.60915275200989
cable_gland,874,with 3D scanner: + real depth,geometric,95.60915275200989
cable_gland,589,1 segment,all,68.42918985776129
cable_gland,589,1 segment,geometric,68.42918985776129
cable_gland,589,SAM parts,all,68.95485466914039
cable_gland,589,SAM parts,geometric,68.95485466914039
cable_gland,589,SAM object/bg,all,79.15893630179343
cable_gland,589,SAM object/bg,geometric,79.15893630179343
cable_gland,589,SAM object/bg + DINO,all,82.31292517006803
cable_gland,589,SAM object/bg + DINO,geometric,82.31292517006803
cable_gland,589,SAM object/bg + DINO + CLIP,all,89.61038961038962
cable_gland,589,SAM object/bg + DINO + CLIP,geometric,89.61038961038962
cable_gland,589,with 3D scanner: + real depth,all,93.69202226345084
cable_gland,589,with 3D scanner: + real depth,geometric,93.69202226345084
carrot,333,1 segment,all,89.25318761384335
carrot,333,1 segment,geometric,87.1141975308642
carrot,333,1 segment,surface,92.43827160493827
carrot,333,1 segment,mixed,92.23646723646725
carrot,333,SAM parts,all,80.57073466909532
carrot,333,SAM parts,geometric,81.79012345679013
carrot,333,SAM parts,surface,76.23456790123456
carrot,333,SAM parts,mixed,81.19658119658119
carrot,333,SAM object/bg,all,85.73163327261688
carrot,333,SAM object/bg,geometric,83.23045267489711
carrot,333,SAM object/bg,surface,90.27777777777779
carrot,333,SAM object/bg,mixed,88.46153846153847
carrot,333,SAM object/bg + DINO,all,92.69884638737098
carrot,333,SAM object/bg + DINO,geometric,90.0462962962963
carrot,333,SAM object/bg + DINO,surface,94.29012345679013
carrot,333,SAM object/bg + DINO,mixed,98.57549857549857
carrot,333,SAM object/bg + DINO + CLIP,all,95.08196721311477
carrot,333,SAM object/bg + DINO + CLIP,geometric,93.41563786008228
carrot,333,SAM object/bg + DINO + CLIP,surface,95.21604938271604
carrot,333,SAM object/bg + DINO + CLIP,mixed,99.57264957264957
carrot,333,with 3D scanner: + real depth,all,97.31329690346084
carrot,333,with 3D scanner: + real depth,geometric,96.86213991769547
carrot,333,with 3D scanner: + real depth,surface,96.21913580246913
carrot,333,with 3D scanner: + real depth,mixed,99.57264957264957
carrot,576,1 segment,all,91.19611414693382
carrot,576,1 segment,geometric,88.54981742305687
carrot,576,1 segment,surface,96.86609686609687
carrot,576,1 segment,mixed,92.81481481481481
carrot,576,SAM parts,all,74.07407407407408
carrot,576,SAM parts,geometric,76.16066770996348
carrot,576,SAM parts,surface,69.51566951566952
carrot,576,SAM parts,mixed,72.88888888888889
carrot,576,SAM object/bg,all,86.2629022465088
carrot,576,SAM object/bg,geometric,84.92436098069902
carrot,576,SAM object/bg,surface,89.74358974358975
carrot,576,SAM object/bg,mixed,86.44444444444444
carrot,576,SAM object/bg + DINO,all,94.08014571948999
carrot,576,SAM object/bg + DINO,geometric,91.07981220657277
carrot,576,SAM object/bg + DINO,surface,96.86609686609687
carrot,576,SAM object/bg + DINO,mixed,99.70370370370371
carrot,576,SAM object/bg + DINO + CLIP,all,94.0649666059502
carrot,576,SAM object/bg + DINO + CLIP,geometric,91.41888367240479
carrot,576,SAM object/bg + DINO + CLIP,surface,96.01139601139602
carrot,576,SAM object/bg + DINO + CLIP,mixed,99.55555555555556
carrot,576,with 3D scanner: + real depth,all,96.02307225258045
carrot,576,with 3D scanner: + real depth,geometric,95.07042253521128
carrot,576,with 3D scanner: + real depth,surface,96.01139601139602
carrot,576,with 3D scanner: + real depth,mixed,98.74074074074073
carrot,725,1 segment,all,84.9271402550091
carrot,725,1 segment,geometric,83.71913580246914
carrot,725,1 segment,surface,85.61253561253562
carrot,725,1 segment,mixed,87.80864197530865
carrot,725,SAM parts,all,85.36733454766242
carrot,725,SAM parts,geometric,84.41358024691358
carrot,725,SAM parts,surface,84.75783475783476
carrot,725,SAM parts,mixed,88.88888888888889
carrot,725,SAM object/bg,all,85.03339404978749
carrot,725,SAM object/bg,geometric,81.99588477366255
carrot,725,SAM object/bg,surface,88.8888888888889
carrot,725,SAM object/bg,mixed,89.96913580246914
carrot,725,SAM object/bg + DINO,all,92.16757741347905
carrot,725,SAM object/bg + DINO,geometric,90.89506172839506
carrot,725,SAM object/bg + DINO,surface,90.17094017094017
carrot,725,SAM object/bg + DINO,mixed,98.14814814814815
carrot,725,SAM object/bg + DINO + CLIP,all,92.22829386763813
carrot,725,SAM object/bg + DINO + CLIP,geometric,90.74074074074075
carrot,725,SAM object/bg + DINO + CLIP,surface,90.17094017094017
carrot,725,SAM object/bg + DINO + CLIP,mixed,98.91975308641976
carrot,725,with 3D scanner: + real depth,all,93.19975713418336
carrot,725,with 3D scanner: + real depth,geometric,93.56995884773663
carrot,725,with 3D scanner: + real depth,surface,88.31908831908832
carrot,725,with 3D scanner: + real depth,mixed,97.37654320987654
carrot,823,1 segment,all,86.09593199757134
carrot,823,1 segment,geometric,82.87037037037037
carrot,823,1 segment,surface,88.73456790123458
carrot,823,1 segment,mixed,92.5925925925926
carrot,823,SAM parts,all,75.34911961141468
carrot,823,SAM parts,geometric,76.38888888888889
carrot,823,SAM parts,surface,78.24074074074075
carrot,823,SAM parts,mixed,69.80056980056982
carrot,823,SAM object/bg,all,88.96478445658774
carrot,823,SAM object/bg,geometric,87.08847736625515
carrot,823,SAM object/bg,surface,92.12962962962963
carrot,823,SAM object/bg,mixed,91.23931623931624
carrot,823,SAM object/bg + DINO,all,94.68731026108074
carrot,823,SAM object/bg + DINO,geometric,92.79835390946502
carrot,823,SAM object/bg + DINO,surface,95.98765432098764
carrot,823,SAM object/bg + DINO,mixed,98.71794871794873
carrot,823,SAM object/bg + DINO + CLIP,all,94.83910139647844
carrot,823,SAM object/bg + DINO + CLIP,geometric,93.15843621399176
carrot,823,SAM object/bg + DINO + CLIP,surface,95.83333333333333
carrot,823,SAM object/bg + DINO + CLIP,mixed,98.57549857549857
carrot,823,with 3D scanner: + real depth,all,93.59441408621736
carrot,823,with 3D scanner: + real depth,geometric,93.15843621399176
carrot,823,with 3D scanner: + real depth,surface,91.82098765432099
carrot,823,with 3D scanner: + real depth,mixed,96.43874643874643
carrot,831,1 segment,all,86.23254401942927
carrot,831,1 segment,geometric,83.62962962962963
carrot,831,1 segment,surface,89.35185185185185
carrot,831,1 segment,mixed,91.46537842190017
carrot,831,SAM parts,all,81.51183970856101
carrot,831,SAM parts,geometric,79.80246913580248
carrot,831,SAM parts,surface,88.42592592592592
carrot,831,SAM parts,mixed,79.87117552334944
carrot,831,SAM object/bg,all,89.70856102003644
carrot,831,SAM object/bg,geometric,87.70370370370371
carrot,831,SAM object/bg,surface,91.51234567901234
carrot,831,SAM object/bg,mixed,94.36392914653784
carrot,831,SAM object/bg + DINO,all,94.26229508196721
carrot,831,SAM object/bg + DINO,geometric,92.59259259259261
carrot,831,SAM object/bg + DINO,surface,95.5246913580247
carrot,831,SAM object/bg + DINO,mixed,98.38969404186795
carrot,831,SAM object/bg + DINO + CLIP,all,94.53551912568305
carrot,831,SAM object/bg + DINO + CLIP,geometric,93.13580246913581
carrot,831,SAM object/bg + DINO + CLIP,surface,95.679012345679
carrot,831,SAM object/bg + DINO + CLIP,mixed,97.90660225442835
carrot,831,with 3D scanner: + real depth,all,96.78202792956893
carrot,831,with 3D scanner: + real depth,geometric,96.5432098765432
carrot,831,with 3D scanner: + real depth,surface,95.37037037037037
carrot,831,with 3D scanner: + real depth,mixed,99.03381642512078
carrot,902,1 segment,all,87.03703703703702
carrot,902,1 segment,geometric,85.13374485596708
carrot,902,1 segment,surface,91.76954732510288
carrot,902,1 segment,mixed,87.43961352657004
carrot,902,SAM parts,all,83.54584092289011
carrot,902,SAM parts,geometric,84.10493827160494
carrot,902,SAM parts,surface,84.0877914951989
carrot,902,SAM parts,mixed,81.15942028985508
carrot,902,SAM object/bg,all,86.53612629022464
carrot,902,SAM object/bg,geometric,83.71913580246914
carrot,902,SAM object/bg,surface,89.84910836762688
carrot,902,SAM object/bg,mixed,91.46537842190016
carrot,902,SAM object/bg + DINO,all,92.39526411657559
carrot,902,SAM object/bg + DINO,geometric,90.14917695473251
carrot,902,SAM object/bg + DINO,surface,93.96433470507543
carrot,902,SAM object/bg + DINO,mixed,97.58454106280193
carrot,902,SAM object/bg + DINO + CLIP,all,93.12386156648452
carrot,902,SAM object/bg + DINO + CLIP,geometric,91.28086419753087
carrot,902,SAM object/bg + DINO + CLIP,surface,94.78737997256516
carrot,902,SAM object/bg + DINO + CLIP,mixed,96.94041867954913
carrot,902,with 3D scanner: + real depth,all,97.54098360655738
carrot,902,with 3D scanner: + real depth,geometric,97.47942386831275
carrot,902,with 3D scanner: + real depth,surface,96.15912208504801
carrot,902,with 3D scanner: + real depth,mixed,99.35587761674718
carrot,226,1 segment,all,86.35397692774741
carrot,226,1 segment,geometric,82.76972624798711
carrot,226,1 segment,surface,91.02564102564104
carrot,226,1 segment,mixed,91.01508916323732
carrot,226,SAM parts,all,78.82513661202186
carrot,226,SAM parts,geometric,78.39506172839506
carrot,226,SAM parts,surface,81.05413105413105
carrot,226,SAM parts,mixed,77.77777777777779
carrot,226,SAM object/bg,all,89.61748633879782
carrot,226,SAM object/bg,geometric,87.81535158346752
carrot,226,SAM object/bg,surface,93.30484330484332
carrot,226,SAM object/bg,mixed,90.67215363511659
carrot,226,SAM object/bg + DINO,all,92.16757741347905
carrot,226,SAM object/bg + DINO,geometric,90.49919484702093
carrot,226,SAM object/bg + DINO,surface,90.5982905982906
carrot,226,SAM object/bg + DINO,mixed,97.94238683127571
carrot,226,SAM object/bg + DINO + CLIP,all,91.01396478445659
carrot,226,SAM object/bg + DINO + CLIP,geometric,89.80139559849705
carrot,226,SAM object/bg + DINO + CLIP,surface,86.8945868945869
carrot,226,SAM object/bg + DINO + CLIP,mixed,98.079561042524
carrot,226,with 3D scanner: + real depth,all,95.62841530054644
carrot,226,with 3D scanner: + real depth,geometric,95.49114331723028
carrot,226,with 3D scanner: + real depth,surface,92.87749287749287
carrot,226,with 3D scanner: + real depth,mixed,98.62825788751715
carrot,598,1 segment,all,87.14329083181542
carrot,598,1 segment,geometric,85.87654320987654
carrot,598,1 segment,surface,93.20987654320987
carrot,598,1 segment,mixed,84.94363929146537
carrot,598,SAM parts,all,75.4401942926533
carrot,598,SAM parts,geometric,76.93827160493827
carrot,598,SAM parts,surface,74.84567901234568
carrot,598,SAM parts,mixed,71.17552334943639
carrot,598,SAM object/bg,all,88.16029143897995
carrot,598,SAM object/bg,geometric,87.95061728395062
carrot,598,SAM object/bg,surface,90.89506172839506
carrot,598,SAM object/bg,mixed,85.99033816425121
carrot,598,SAM object/bg + DINO,all,94.68731026108075
carrot,598,SAM object/bg + DINO,geometric,92.98765432098767
carrot,598,SAM object/bg + DINO,surface,97.68518518518519
carrot,598,SAM object/bg + DINO,mixed,97.10144927536231
carrot,598,SAM object/bg + DINO + CLIP,all,93.80692167577413
carrot,598,SAM object/bg + DINO + CLIP,geometric,92.64197530864199
carrot,598,SAM object/bg + DINO + CLIP,surface,95.21604938271606
carrot,598,SAM object/bg + DINO + CLIP,mixed,96.1352657004831
carrot,598,with 3D scanner: + real depth,all,95.11232544019428
carrot,598,with 3D scanner: + real depth,geometric,94.91358024691358
carrot,598,with 3D scanner: + real depth,surface,94.59876543209876
carrot,598,with 3D scanner: + real depth,mixed,96.29629629629629
carrot,874,1 segment,all,85.94414086217364
carrot,874,1 segment,geometric,84.2092092092092
carrot,874,1 segment,surface,88.42592592592592
carrot,874,1 segment,mixed,88.81172839506172
carrot,874,SAM parts,all,75.68306010928961
carrot,874,SAM parts,geometric,75.37537537537537
carrot,874,SAM parts,surface,77.62345679012346
carrot,874,SAM parts,mixed,74.69135802469135
carrot,874,SAM object/bg,all,83.6065573770492
carrot,874,SAM object/bg,geometric,81.58158158158157
carrot,874,SAM object/bg,surface,86.11111111111111
carrot,874,SAM object/bg,mixed,87.34567901234568
carrot,874,SAM object/bg + DINO,all,92.42562234365514
carrot,874,SAM object/bg + DINO,geometric,90.11511511511512
carrot,874,SAM object/bg + DINO,surface,93.28703703703704
carrot,874,SAM object/bg + DINO,mixed,98.68827160493827
carrot,874,SAM object/bg + DINO + CLIP,all,91.49969641772921
carrot,874,SAM object/bg + DINO + CLIP,geometric,89.01401401401401
carrot,874,SAM object/bg + DINO + CLIP,surface,92.05246913580247
carrot,874,SAM object/bg + DINO + CLIP,mixed,98.6111111111111
carrot,874,with 3D scanner: + real depth,all,95.17304189435336
carrot,874,with 3D scanner: + real depth,geometric,94.14414414414414
carrot,874,with 3D scanner: + real depth,surface,93.82716049382717
carrot,874,with 3D scanner: + real depth,mixed,99.69135802469135
carrot,589,1 segment,all,87.46205221615057
carrot,589,1 segment,geometric,84.84126984126983
carrot,589,1 segment,surface,89.92592592592592
carrot,589,1 segment,mixed,91.9753086419753
carrot,589,SAM parts,all,81.23861566484517
carrot,589,SAM parts,geometric,77.61904761904763
carrot,589,SAM parts,surface,91.4074074074074
carrot,589,SAM parts,mixed,81.20713305898491
carrot,589,SAM object/bg,all,86.47540983606557
carrot,589,SAM object/bg,geometric,83.59788359788361
carrot,589,SAM object/bg,surface,88.0
carrot,589,SAM object/bg,mixed,92.52400548696845
carrot,589,SAM object/bg + DINO,all,92.85063752276868
carrot,589,SAM object/bg + DINO,geometric,90.42328042328043
carrot,589,SAM object/bg + DINO,surface,92.51851851851852
carrot,589,SAM object/bg + DINO,mixed,99.45130315500685
carrot,589,SAM object/bg + DINO + CLIP,all,93.57923497267761
carrot,589,SAM object/bg + DINO + CLIP,geometric,91.82539682539682
carrot,589,SAM object/bg + DINO + CLIP,surface,91.85185185185185
carrot,589,SAM object/bg + DINO + CLIP,mixed,99.72565157750344
carrot,589,with 3D scanner: + real depth,all,96.05343047966
carrot,589,with 3D scanner: + real depth,geometric,95.5026455026455
carrot,589,with 3D scanner: + real depth,surface,94.51851851851852
carrot,589,with 3D scanner: + real depth,mixed,98.90260631001372
cookie,333,1 segment,all,75.57603686635946
cookie,333,1 segment,geometric,82.41459627329193
cookie,333,1 segment,surface,77.48447204968944
cookie,333,1 segment,mixed,60.639880952380956
cookie,333,SAM parts,all,83.41013824884791
cookie,333,SAM parts,geometric,94.56521739130434
cookie,333,SAM parts,surface,80.04658385093167
cookie,333,SAM parts,mixed,65.25297619047619
cookie,333,SAM object/bg,all,82.96850998463901
cookie,333,SAM object/bg,geometric,92.81832298136645
cookie,333,SAM object/bg,surface,78.1055900621118
cookie,333,SAM object/bg,mixed,68.75
cookie,333,SAM object/bg + DINO,all,78.12980030721967
cookie,333,SAM object/bg + DINO,geometric,89.59627329192547
cookie,333,SAM object/bg + DINO,surface,76.3975155279503
cookie,333,SAM object/bg + DINO,mixed,57.812500000000014
cookie,333,SAM object/bg + DINO + CLIP,all,79.62749615975423
cookie,333,SAM object/bg + DINO + CLIP,geometric,90.48913043478262
cookie,333,SAM object/bg + DINO + CLIP,surface,79.19254658385093
cookie,333,SAM object/bg + DINO + CLIP,mixed,59.226190476190474
cookie,333,with 3D scanner: + real depth,all,86.63594470046083
cookie,333,with 3D scanner: + real depth,geometric,96.50621118012423
cookie,333,with 3D scanner: + real depth,surface,88.81987577639751
cookie,333,with 3D scanner: + real depth,mixed,65.625
cookie,576,1 segment,all,75.84485407066052
cookie,576,1 segment,geometric,82.80279503105591
cookie,576,1 segment,surface,71.94940476190477
cookie,576,1 segment,mixed,65.99378881987577
cookie,576,SAM parts,all,83.48694316436251
cookie,576,SAM parts,geometric,93.86645962732919
cookie,576,SAM parts,surface,77.38095238095238
cookie,576,SAM parts,mixed,69.09937888198758
cookie,576,SAM object/bg,all,81.18279569892474
cookie,576,SAM object/bg,geometric,89.32453416149069
cookie,576,SAM object/bg,surface,76.5625
cookie,576,SAM object/bg,mixed,69.72049689440993
cookie,576,SAM object/bg + DINO,all,79.56989247311827
cookie,576,SAM object/bg + DINO,geometric,88.74223602484473
cookie,576,SAM object/bg + DINO,surface,77.23214285714286
cookie,576,SAM object/bg + DINO,mixed,63.66459627329193
cookie,576,SAM object/bg + DINO + CLIP,all,81.18279569892472
cookie,576,SAM object/bg + DINO + CLIP,geometric,90.37267080745342
cookie,576,SAM object/bg + DINO + CLIP,surface,77.08333333333333
cookie,576,SAM object/bg + DINO + CLIP,mixed,67.08074534161491
cookie,576,with 3D scanner: + real depth,all,99.86559139784946
cookie,576,with 3D scanner: + real depth,geometric,99.7282608695652
cookie,576,with 3D scanner: + real depth,surface,100.0
cookie,576,with 3D scanner: + real depth,mixed,100.0
cookie,725,1 segment,all,66.39784946236558
cookie,725,1 segment,geometric,69.7172619047619
cookie,725,1 segment,surface,62.732919254658384
cookie,725,1 segment,mixed,62.98701298701299
cookie,725,SAM parts,all,81.605222734255
cookie,725,SAM parts,geometric,89.80654761904762
cookie,725,SAM parts,surface,71.11801242236024
cookie,725,SAM parts,mixed,74.67532467532467
cookie,725,SAM object/bg,all,82.87250384024577
cookie,725,SAM object/bg,geometric,89.36011904761905
cookie,725,SAM object/bg,surface,74.68944099378882
cookie,725,SAM object/bg,mixed,77.27272727272728
cookie,725,SAM object/bg + DINO,all,77.28494623655914
cookie,725,SAM object/bg + DINO,geometric,86.23511904761905
cookie,725,SAM object/bg + DINO,surface,73.83540372670807
cookie,725,SAM object/bg + DINO,mixed,61.36363636363635
cookie,725,SAM object/bg + DINO + CLIP,all,80.60675883256529
cookie,725,SAM object/bg + DINO + CLIP,geometric,91.81547619047619
cookie,725,SAM object/bg + DINO + CLIP,surface,75.62111801242236
cookie,725,SAM object/bg + DINO + CLIP,mixed,61.36363636363637
cookie,725,with 3D scanner: + real depth,all,89.07450076804916
cookie,725,with 3D scanner: + real depth,geometric,97.43303571428571
cookie,725,with 3D scanner: + real depth,surface,94.72049689440993
cookie,725,with 3D scanner: + real depth,mixed,64.93506493506493
cookie,823,1 segment,all,74.61597542242704
cookie,823,1 segment,geometric,80.17113095238095
cookie,823,1 segment,surface,72.95918367346938
cookie,823,1 segment,mixed,64.95535714285714
cookie,823,SAM parts,all,82.93010752688173
cookie,823,SAM parts,geometric,92.78273809523809
cookie,823,SAM parts,surface,76.0204081632653
cookie,823,SAM parts,mixed,69.27083333333333
cookie,823,SAM object/bg,all,82.5268817204301
cookie,823,SAM object/bg,geometric,91.14583333333334
cookie,823,SAM object/bg,surface,75.08503401360545
cookie,823,SAM object/bg,mixed,71.80059523809524
cookie,823,SAM object/bg + DINO,all,78.09139784946237
cookie,823,SAM object/bg + DINO,geometric,85.9375
cookie,823,SAM object/bg + DINO,surface,75.93537414965986
cookie,823,SAM object/bg + DINO,mixed,64.28571428571429
cookie,823,SAM object/bg + DINO + CLIP,all,77.13133640552995
cookie,823,SAM object/bg + DINO + CLIP,geometric,85.19345238095238
cookie,823,SAM object/bg + DINO + CLIP,surface,72.95918367346938
cookie,823,SAM object/bg + DINO + CLIP,mixed,64.65773809523809
cookie,823,with 3D scanner: + real depth,all,82.21966205837172
cookie,823,with 3D scanner: + real depth,geometric,88.61607142857143
cookie,823,with 3D scanner: + real depth,surface,86.22448979591837
cookie,823,with 3D scanner: + real depth,mixed,65.92261904761905
cookie,831,1 segment,all,66.95468509984639
cookie,831,1 segment,geometric,71.07142857142857
cookie,831,1 segment,surface,53.649068322981364
cookie,831,1 segment,mixed,71.96428571428571
cookie,831,SAM parts,all,81.6820276497696
cookie,831,SAM parts,geometric,86.35714285714286
cookie,831,SAM parts,surface,78.1055900621118
cookie,831,SAM parts,mixed,74.10714285714285
cookie,831,SAM object/bg,all,81.72043010752688
cookie,831,SAM object/bg,geometric,85.28571428571429
cookie,831,SAM object/bg,surface,78.72670807453416
cookie,831,SAM object/bg,mixed,76.25
cookie,831,SAM object/bg + DINO,all,77.61136712749615
cookie,831,SAM object/bg + DINO,geometric,83.21428571428572
cookie,831,SAM object/bg + DINO,surface,74.53416149068323
cookie,831,SAM object/bg + DINO,mixed,67.14285714285715
cookie,831,SAM object/bg + DINO + CLIP,all,79.3394777265745
cookie,831,SAM object/bg + DINO + CLIP,geometric,84.35714285714285
cookie,831,SAM object/bg + DINO + CLIP,surface,77.32919254658385
cookie,831,SAM object/bg + DINO + CLIP,mixed,69.10714285714286
cookie,831,with 3D scanner: + real depth,all,99.46236559139786
cookie,831,with 3D scanner: + real depth,geometric,99.0
cookie,831,with 3D scanner: + real depth,surface,100.0
cookie,831,with 3D scanner: + real depth,mixed,100.0
cookie,902,1 segment,all,70.08448540706605
cookie,902,1 segment,geometric,72.3404255319149
cookie,902,1 segment,surface,69.71428571428572
cookie,902,1 segment,mixed,65.47619047619048
cookie,902,SAM parts,all,79.83870967741936
cookie,902,SAM parts,geometric,87.15805471124621
cookie,902,SAM parts,surface,68.42857142857143
cookie,902,SAM parts,mixed,77.0408163265306
cookie,902,SAM object/bg,all,82.54608294930877
cookie,902,SAM object/bg,geometric,88.90577507598783
cookie,902,SAM object/bg,surface,71.21428571428572
cookie,902,SAM object/bg,mixed,81.80272108843538
cookie,902,SAM object/bg + DINO,all,80.03072196620585
cookie,902,SAM object/bg + DINO,geometric,85.56231003039514
cookie,902,SAM object/bg + DINO,surface,69.28571428571428
cookie,902,SAM object/bg + DINO,mixed,80.44217687074831
cookie,902,SAM object/bg + DINO + CLIP,all,81.95084485407065
cookie,902,SAM object/bg + DINO + CLIP,geometric,88.67781155015197
cookie,902,SAM object/bg + DINO + CLIP,surface,70.28571428571428
cookie,902,SAM object/bg + DINO + CLIP,mixed,80.78231292517006
cookie,902,with 3D scanner: + real depth,all,99.76958525345621
cookie,902,with 3D scanner: + real depth,geometric,99.54407294832826
cookie,902,with 3D scanner: + real depth,surface,100.0
cookie,902,with 3D scanner: + real depth,mixed,100.0
cookie,226,1 segment,all,72.2926267281106
cookie,226,1 segment,geometric,77.96266233766234
cookie,226,1 segment,surface,70.85714285714285
cookie,226,1 segment,mixed,63.39285714285714
cookie,226,SAM parts,all,83.10291858678956
cookie,226,SAM parts,geometric,95.45454545454545
cookie,226,SAM parts,surface,77.42857142857143
cookie,226,SAM parts,mixed,66.36904761904762
cookie,226,SAM object/bg,all,84.60061443932412
cookie,226,SAM object/bg,geometric,95.57629870129871
cookie,226,SAM object/bg,surface,80.07142857142857
cookie,226,SAM object/bg,mixed,69.19642857142857
cookie,226,SAM object/bg + DINO,all,82.1236559139785
cookie,226,SAM object/bg + DINO,geometric,93.9935064935065
cookie,226,SAM object/bg + DINO,surface,78.5
cookie,226,SAM object/bg + DINO,mixed,64.13690476190477
cookie,226,SAM object/bg + DINO + CLIP,all,75.17281105990784
cookie,226,SAM object/bg + DINO + CLIP,geometric,87.37824675324674
cookie,226,SAM object/bg + DINO + CLIP,surface,69.5
cookie,226,SAM object/bg + DINO + CLIP,mixed,58.70535714285714
cookie,226,with 3D scanner: + real depth,all,84.15898617511522
cookie,226,with 3D scanner: + real depth,geometric,95.41396103896103
cookie,226,with 3D scanner: + real depth,surface,79.0
cookie,226,with 3D scanner: + real depth,mixed,68.89880952380952
cookie,598,1 segment,all,71.02534562211981
cookie,598,1 segment,geometric,74.28571428571429
cookie,598,1 segment,surface,64.51863354037268
cookie,598,1 segment,mixed,70.35714285714285
cookie,598,SAM parts,all,85.52227342549925
cookie,598,SAM parts,geometric,95.14285714285714
cookie,598,SAM parts,surface,77.32919254658385
cookie,598,SAM parts,mixed,70.89285714285714
cookie,598,SAM object/bg,all,84.81182795698925
cookie,598,SAM object/bg,geometric,92.92857142857143
cookie,598,SAM object/bg,surface,77.71739130434783
cookie,598,SAM object/bg,mixed,72.67857142857143
cookie,598,SAM object/bg + DINO,all,82.33486943164363
cookie,598,SAM object/bg + DINO,geometric,92.14285714285715
cookie,598,SAM object/bg + DINO,surface,77.63975155279503
cookie,598,SAM object/bg + DINO,mixed,63.21428571428571
cookie,598,SAM object/bg + DINO + CLIP,all,82.14285714285714
cookie,598,SAM object/bg + DINO + CLIP,geometric,91.85714285714286
cookie,598,SAM object/bg + DINO + CLIP,surface,77.48447204968944
cookie,598,SAM object/bg + DINO + CLIP,mixed,63.21428571428571
cookie,598,with 3D scanner: + real depth,all,99.98079877112134
cookie,598,with 3D scanner: + real depth,geometric,99.96428571428571
cookie,598,with 3D scanner: + real depth,surface,100.0
cookie,598,with 3D scanner: + real depth,mixed,100.0
cookie,874,1 segment,all,74.23195084485407
cookie,874,1 segment,geometric,81.04956268221575
cookie,874,1 segment,surface,71.67207792207792
cookie,874,1 segment,mixed,61.60714285714286
cookie,874,SAM parts,all,74.73118279569893
cookie,874,SAM parts,geometric,81.81486880466473
cookie,874,SAM parts,surface,72.8896103896104
cookie,874,SAM parts,mixed,60.795454545454554
cookie,874,SAM object/bg,all,81.85483870967741
cookie,874,SAM object/bg,geometric,88.5932944606414
cookie,874,SAM object/bg,surface,81.16883116883116
cookie,874,SAM object/bg,mixed,67.53246753246754
cookie,874,SAM object/bg + DINO,all,76.1520737327189
cookie,874,SAM object/bg + DINO,geometric,84.365889212828
cookie,874,SAM object/bg + DINO,surface,76.13636363636364
cookie,874,SAM object/bg + DINO,mixed,57.87337662337663
cookie,874,SAM object/bg + DINO + CLIP,all,79.16666666666666
cookie,874,SAM object/bg + DINO + CLIP,geometric,88.08309037900874
cookie,874,SAM object/bg + DINO + CLIP,surface,79.22077922077922
cookie,874,SAM object/bg + DINO + CLIP,mixed,59.25324675324675
cookie,874,with 3D scanner: + real depth,all,86.82795698924731
cookie,874,with 3D scanner: + real depth,geometric,96.50145772594753
cookie,874,with 3D scanner: + real depth,surface,89.12337662337663
cookie,874,with 3D scanner: + real depth,mixed,62.98701298701298
cookie,589,1 segment,all,67.97235023041475
cookie,589,1 segment,geometric,70.97264437689971
cookie,589,1 segment,surface,63.798701298701296
cookie,589,1 segment,mixed,65.92261904761905
cookie,589,SAM parts,all,68.5483870967742
cookie,589,SAM parts,geometric,72.41641337386018
cookie,589,SAM parts,surface,53.57142857142857
cookie,589,SAM parts,mixed,74.70238095238095
cookie,589,SAM object/bg,all,74.27035330261137
cookie,589,SAM object/bg,geometric,74.08814589665653
cookie,589,SAM object/bg,surface,65.5844155844156
cookie,589,SAM object/bg,mixed,82.58928571428572
cookie,589,SAM object/bg + DINO,all,80.12672811059909
cookie,589,SAM object/bg + DINO,geometric,83.01671732522796
cookie,589,SAM object/bg + DINO,surface,68.01948051948052
cookie,589,SAM object/bg + DINO,mixed,85.56547619047619
cookie,589,SAM object/bg + DINO + CLIP,all,81.22119815668202
cookie,589,SAM object/bg + DINO + CLIP,geometric,84.04255319148936
cookie,589,SAM object/bg + DINO + CLIP,surface,69.64285714285715
cookie,589,SAM object/bg + DINO + CLIP,mixed,86.30952380952381
cookie,589,with 3D scanner: + real depth,all,99.80798771121351
cookie,589,with 3D scanner: + real depth,geometric,99.62006079027356
cookie,589,with 3D scanner: + real depth,surface,100.0
cookie,589,with 3D scanner: + real depth,mixed,100.0
dowel,333,1 segment,all,88.7684124386252
dowel,333,1 segment,geometric,99.23076923076923
dowel,333,1 segment,surface,59.15384615384616
dowel,333,1 segment,mixed,100.0
dowel,333,SAM parts,all,91.61211129296235
dowel,333,SAM parts,geometric,100.0
dowel,333,SAM parts,surface,68.46153846153847
dowel,333,SAM parts,mixed,100.0
dowel,333,SAM object/bg,all,96.9721767594108
dowel,333,SAM object/bg,geometric,100.0
dowel,333,SAM object/bg,surface,88.61538461538461
dowel,333,SAM object/bg,mixed,100.0
dowel,333,SAM object/bg + DINO,all,97.17675941080196
dowel,333,SAM object/bg + DINO,geometric,100.0
dowel,333,SAM object/bg + DINO,surface,89.38461538461537
dowel,333,SAM object/bg + DINO,mixed,100.0
dowel,333,SAM object/bg + DINO + CLIP,all,97.13584288052373
dowel,333,SAM object/bg + DINO + CLIP,geometric,100.0
dowel,333,SAM object/bg + DINO + CLIP,surface,89.23076923076924
dowel,333,SAM object/bg + DINO + CLIP,mixed,100.0
dowel,333,with 3D scanner: + real depth,all,97.83142389525369
dowel,333,with 3D scanner: + real depth,geometric,100.0
dowel,333,with 3D scanner: + real depth,surface,91.84615384615384
dowel,333,with 3D scanner: + real depth,mixed,100.0
dowel,576,1 segment,all,92.32815057283143
dowel,576,1 segment,geometric,97.86324786324786
dowel,576,1 segment,surface,73.95833333333334
dowel,576,1 segment,mixed,100.0
dowel,576,SAM parts,all,93.98527004909984
dowel,576,SAM parts,geometric,100.0
dowel,576,SAM parts,surface,76.4423076923077
dowel,576,SAM parts,mixed,100.0
dowel,576,SAM object/bg,all,96.86988543371523
dowel,576,SAM object/bg,geometric,99.91452991452991
dowel,576,SAM object/bg,surface,87.90064102564102
dowel,576,SAM object/bg,mixed,100.0
dowel,576,SAM object/bg + DINO,all,96.4607201309329
dowel,576,SAM object/bg + DINO,geometric,99.74358974358975
dowel,576,SAM object/bg + DINO,surface,86.61858974358974
dowel,576,SAM object/bg + DINO,mixed,100.0
dowel,576,SAM object/bg + DINO + CLIP,all,96.68576104746319
dowel,576,SAM object/bg + DINO + CLIP,geometric,99.91452991452991
dowel,576,SAM object/bg + DINO + CLIP,surface,87.17948717948718
dowel,576,SAM object/bg + DINO + CLIP,mixed,100.0
dowel,576,with 3D scanner: + real depth,all,97.25859247135843
dowel,576,with 3D scanner: + real depth,geometric,99.48717948717949
dowel,576,with 3D scanner: + real depth,surface,90.22435897435898
dowel,576,with 3D scanner: + real depth,mixed,100.0
dowel,725,1 segment,all,91.22340425531914
dowel,725,1 segment,geometric,98.03600654664484
dowel,725,1 segment,surface,68.1438127090301
dowel,725,1 segment,mixed,100.0
dowel,725,SAM parts,all,92.94189852700492
dowel,725,SAM parts,geometric,99.01800327332242
dowel,725,SAM parts,surface,73.16053511705685
dowel,725,SAM parts,mixed,100.0
dowel,725,SAM object/bg,all,96.29705400981996
dowel,725,SAM object/bg,geometric,100.0
dowel,725,SAM object/bg,surface,84.86622073578594
dowel,725,SAM object/bg,mixed,100.0
dowel,725,SAM object/bg + DINO,all,96.84942716857611
dowel,725,SAM object/bg + DINO,geometric,100.0
dowel,725,SAM object/bg + DINO,surface,87.12374581939798
dowel,725,SAM object/bg + DINO,mixed,100.0
dowel,725,SAM object/bg + DINO + CLIP,all,96.76759410801964
dowel,725,SAM object/bg + DINO + CLIP,geometric,100.0
dowel,725,SAM object/bg + DINO + CLIP,surface,86.78929765886288
dowel,725,SAM object/bg + DINO + CLIP,mixed,100.0
dowel,725,with 3D scanner: + real depth,all,96.21522094926351
dowel,725,with 3D scanner: + real depth,geometric,99.75450081833061
dowel,725,with 3D scanner: + real depth,surface,85.0334448160535
dowel,725,with 3D scanner: + real depth,mixed,100.0
dowel,823,1 segment,all,89.68903436988543
dowel,823,1 segment,geometric,98.03600654664486
dowel,823,1 segment,surface,64.92307692307692
dowel,823,1 segment,mixed,100.0
dowel,823,SAM parts,all,94.18985270049099
dowel,823,SAM parts,geometric,100.0
dowel,823,SAM parts,surface,78.15384615384615
dowel,823,SAM parts,mixed,100.0
dowel,823,SAM object/bg,all,96.37888707037645
dowel,823,SAM object/bg,geometric,100.0
dowel,823,SAM object/bg,surface,86.38461538461539
dowel,823,SAM object/bg,mixed,100.0
dowel,823,SAM object/bg + DINO,all,96.60392798690671
dowel,823,SAM object/bg + DINO,geometric,100.0
dowel,823,SAM object/bg + DINO,surface,87.23076923076923
dowel,823,SAM object/bg + DINO,mixed,100.0
dowel,823,SAM object/bg + DINO + CLIP,all,97.15630114566285
dowel,823,SAM object/bg + DINO + CLIP,geometric,100.0
dowel,823,SAM object/bg + DINO + CLIP,surface,89.3076923076923
dowel,823,SAM object/bg + DINO + CLIP,mixed,100.0
dowel,823,with 3D scanner: + real depth,all,98.01554828150572
dowel,823,with 3D scanner: + real depth,geometric,100.0
dowel,823,with 3D scanner: + real depth,surface,92.53846153846153
dowel,823,with 3D scanner: + real depth,mixed,100.0
dowel,831,1 segment,all,92.10310965630116
dowel,831,1 segment,geometric,98.20234113712375
dowel,831,1 segment,surface,72.51602564102564
dowel,831,1 segment,mixed,100.0
dowel,831,SAM parts,all,95.06955810147299
dowel,831,SAM parts,geometric,99.33110367892976
dowel,831,SAM parts,surface,81.97115384615384
dowel,831,SAM parts,mixed,100.0
dowel,831,SAM object/bg,all,96.66530278232406
dowel,831,SAM object/bg,geometric,99.74916387959867
dowel,831,SAM object/bg,surface,87.41987179487178
dowel,831,SAM object/bg,mixed,100.0
dowel,831,SAM object/bg + DINO,all,96.01063829787235
dowel,831,SAM object/bg + DINO,geometric,100.0
dowel,831,SAM object/bg + DINO,surface,84.375
dowel,831,SAM object/bg + DINO,mixed,100.0
dowel,831,SAM object/bg + DINO + CLIP,all,95.51963993453356
dowel,831,SAM object/bg + DINO + CLIP,geometric,100.0
dowel,831,SAM object/bg + DINO + CLIP,surface,82.45192307692307
dowel,831,SAM object/bg + DINO + CLIP,mixed,100.0
dowel,831,with 3D scanner: + real depth,all,95.8265139116203
dowel,831,with 3D scanner: + real depth,geometric,100.0
dowel,831,with 3D scanner: + real depth,surface,83.65384615384616
dowel,831,with 3D scanner: + real depth,mixed,100.0
dowel,902,1 segment,all,91.0392798690671
dowel,902,1 segment,geometric,97.69230769230768
dowel,902,1 segment,surface,67.89297658862877
dowel,902,1 segment,mixed,100.0
dowel,902,SAM parts,all,93.33060556464812
dowel,902,SAM parts,geometric,99.65811965811966
dowel,902,SAM parts,surface,73.4113712374582
dowel,902,SAM parts,mixed,100.0
dowel,902,SAM object/bg,all,97.44271685761046
dowel,902,SAM object/bg,geometric,100.0
dowel,902,SAM object/bg,surface,89.54849498327758
dowel,902,SAM object/bg,mixed,100.0
dowel,902,SAM object/bg + DINO,all,97.50409165302781
dowel,902,SAM object/bg + DINO,geometric,100.0
dowel,902,SAM object/bg + DINO,surface,89.79933110367892
dowel,902,SAM object/bg + DINO,mixed,100.0
dowel,902,SAM object/bg + DINO + CLIP,all,97.42225859247135
dowel,902,SAM object/bg + DINO + CLIP,geometric,100.0
dowel,902,SAM object/bg + DINO + CLIP,surface,89.4648829431438
dowel,902,SAM object/bg + DINO + CLIP,mixed,100.0
dowel,902,with 3D scanner: + real depth,all,97.2176759410802
dowel,902,with 3D scanner: + real depth,geometric,100.0
dowel,902,with 3D scanner: + real depth,surface,88.62876254180601
dowel,902,with 3D scanner: + real depth,mixed,100.0
dowel,226,1 segment,all,91.7962356792144
dowel,226,1 segment,geometric,97.9933110367893
dowel,226,1 segment,surface,69.14335664335664
dowel,226,1 segment,mixed,100.0
dowel,226,SAM parts,all,93.57610474631751
dowel,226,SAM parts,geometric,99.5819397993311
dowel,226,SAM parts,surface,73.42657342657341
dowel,226,SAM parts,mixed,100.0
dowel,226,SAM object/bg,all,97.4631751227496
dowel,226,SAM object/bg,geometric,100.0
dowel,226,SAM object/bg,surface,89.16083916083917
dowel,226,SAM object/bg,mixed,100.0
dowel,226,SAM object/bg + DINO,all,97.38134206219313
dowel,226,SAM object/bg + DINO,geometric,100.0
dowel,226,SAM object/bg + DINO,surface,88.81118881118881
dowel,226,SAM object/bg + DINO,mixed,100.0
dowel,226,SAM object/bg + DINO + CLIP,all,97.0949263502455
dowel,226,SAM object/bg + DINO + CLIP,geometric,100.0
dowel,226,SAM object/bg + DINO + CLIP,surface,87.58741258741259
dowel,226,SAM object/bg + DINO + CLIP,mixed,100.0
dowel,226,with 3D scanner: + real depth,all,97.54500818330605
dowel,226,with 3D scanner: + real depth,geometric,100.0
dowel,226,with 3D scanner: + real depth,surface,89.5104895104895
dowel,226,with 3D scanner: + real depth,mixed,100.0
dowel,598,1 segment,all,92.34860883797054
dowel,598,1 segment,geometric,98.03418803418802
dowel,598,1 segment,surface,74.76923076923079
dowel,598,1 segment,mixed,100.0
dowel,598,SAM parts,all,95.3355155482815
dowel,598,SAM parts,geometric,99.40170940170941
dowel,598,SAM parts,surface,83.6923076923077
dowel,598,SAM parts,mixed,99.83974358974359
dowel,598,SAM object/bg,all,96.27659574468083
dowel,598,SAM object/bg,geometric,99.82905982905983
dowel,598,SAM object/bg,surface,86.30769230769232
dowel,598,SAM object/bg,mixed,100.0
dowel,598,SAM object/bg + DINO,all,96.54255319148936
dowel,598,SAM object/bg + DINO,geometric,99.91452991452991
dowel,598,SAM object/bg + DINO,surface,87.15384615384615
dowel,598,SAM object/bg + DINO,mixed,100.0
dowel,598,SAM object/bg + DINO + CLIP,all,96.86988543371523
dowel,598,SAM object/bg + DINO + CLIP,geometric,99.82905982905983
dowel,598,SAM object/bg + DINO + CLIP,surface,88.53846153846155
dowel,598,SAM object/bg + DINO + CLIP,mixed,100.0
dowel,598,with 3D scanner: + real depth,all,97.93371522094927
dowel,598,with 3D scanner: + real depth,geometric,99.7008547008547
dowel,598,with 3D scanner: + real depth,surface,92.76923076923077
dowel,598,with 3D scanner: + real depth,mixed,100.0
dowel,874,1 segment,all,93.0441898527005
dowel,874,1 segment,geometric,97.90969899665552
dowel,874,1 segment,surface,76.76282051282051
dowel,874,1 segment,mixed,100.0
dowel,874,SAM parts,all,92.81914893617024
dowel,874,SAM parts,geometric,98.66220735785954
dowel,874,SAM parts,surface,76.84294871794872
dowel,874,SAM parts,mixed,97.59615384615385
dowel,874,SAM object/bg,all,97.36088379705402
dowel,874,SAM object/bg,geometric,100.0
dowel,874,SAM object/bg,surface,89.66346153846153
dowel,874,SAM object/bg,mixed,100.0
dowel,874,SAM object/bg + DINO,all,97.17675941080198
dowel,874,SAM object/bg + DINO,geometric,100.0
dowel,874,SAM object/bg + DINO,surface,88.9423076923077
dowel,874,SAM object/bg + DINO,mixed,100.0
dowel,874,SAM object/bg + DINO + CLIP,all,97.2176759410802
dowel,874,SAM object/bg + DINO + CLIP,geometric,100.0
dowel,874,SAM object/bg + DINO + CLIP,surface,89.1025641025641
dowel,874,SAM object/bg + DINO + CLIP,mixed,100.0
dowel,874,with 3D scanner: + real depth,all,98.07692307692308
dowel,874,with 3D scanner: + real depth,geometric,100.0
dowel,874,with 3D scanner: + real depth,surface,92.46794871794873
dowel,874,with 3D scanner: + real depth,mixed,100.0
dowel,589,1 segment,all,88.99345335515548
dowel,589,1 segment,geometric,95.76138147566718
dowel,589,1 segment,surface,60.62271062271062
dowel,589,1 segment,mixed,100.0
dowel,589,SAM parts,all,94.96726677577742
dowel,589,SAM parts,geometric,99.84301412872841
dowel,589,SAM parts,surface,78.20512820512819
dowel,589,SAM parts,mixed,99.67948717948718
dowel,589,SAM object/bg,all,97.21767594108019
dowel,589,SAM object/bg,geometric,99.9215070643642
dowel,589,SAM object/bg,surface,87.72893772893772
dowel,589,SAM object/bg,mixed,100.0
dowel,589,SAM object/bg + DINO,all,96.19476268412438
dowel,589,SAM object/bg + DINO,geometric,98.82260596546311
dowel,589,SAM object/bg + DINO,surface,86.81318681318682
dowel,589,SAM object/bg + DINO,mixed,99.03846153846153
dowel,589,SAM object/bg + DINO + CLIP,all,95.90834697217676
dowel,589,SAM object/bg + DINO + CLIP,geometric,99.29356357927787
dowel,589,SAM object/bg + DINO + CLIP,surface,83.33333333333333
dowel,589,SAM object/bg + DINO + CLIP,mixed,100.0
dowel,589,with 3D scanner: + real depth,all,96.64484451718494
dowel,589,with 3D scanner: + real depth,geometric,99.68602825745683
dowel,589,with 3D scanner: + real depth,surface,86.08058608058607
dowel,589,with 3D scanner: + real depth,mixed,99.67948717948718
foam,333,1 segment,all,96.32142857142857
foam,333,1 segment,geometric,87.67857142857143
foam,333,1 segment,surface,98.28947368421052
foam,333,1 segment,mixed,98.88888888888889
foam,333,SAM parts,all,96.71428571428572
foam,333,SAM parts,geometric,92.14285714285715
foam,333,SAM parts,surface,98.42105263157896
foam,333,SAM parts,mixed,96.66666666666669
foam,333,SAM object/bg,all,97.57142857142857
foam,333,SAM object/bg,geometric,94.28571428571428
foam,333,SAM object/bg,surface,99.47368421052632
foam,333,SAM object/bg,mixed,96.11111111111111
foam,333,SAM object/bg + DINO,all,96.35714285714285
foam,333,SAM object/bg + DINO,geometric,90.0
foam,333,SAM object/bg + DINO,surface,98.28947368421052
foam,333,SAM object/bg + DINO,mixed,97.22222222222221
foam,333,SAM object/bg + DINO + CLIP,all,96.92857142857143
foam,333,SAM object/bg + DINO + CLIP,geometric,88.92857142857143
foam,333,SAM object/bg + DINO + CLIP,surface,98.94736842105263
foam,333,SAM object/bg + DINO + CLIP,mixed,98.88888888888889
foam,333,with 3D scanner: + real depth,all,96.57142857142857
foam,333,with 3D scanner: + real depth,geometric,86.78571428571429
foam,333,with 3D scanner: + real depth,surface,99.21052631578947
foam,333,with 3D scanner: + real depth,mixed,98.61111111111111
foam,576,1 segment,all,96.25000000000001
foam,576,1 segment,geometric,91.16666666666667
foam,576,1 segment,surface,97.08333333333333
foam,576,1 segment,mixed,98.6842105263158
foam,576,SAM parts,all,97.14285714285714
foam,576,SAM parts,geometric,88.99999999999999
foam,576,SAM parts,surface,99.30555555555554
foam,576,SAM parts,mixed,99.47368421052632
foam,576,SAM object/bg,all,96.35714285714285
foam,576,SAM object/bg,geometric,83.33333333333333
foam,576,SAM object/bg,surface,100.0
foam,576,SAM object/bg,mixed,99.73684210526315
foam,576,SAM object/bg + DINO,all,98.42857142857143
foam,576,SAM object/bg + DINO,geometric,92.66666666666667
foam,576,SAM object/bg + DINO,surface,100.0
foam,576,SAM object/bg + DINO,mixed,100.0
foam,576,SAM object/bg + DINO + CLIP,all,97.85714285714285
foam,576,SAM object/bg + DINO + CLIP,geometric,89.99999999999999
foam,576,SAM object/bg + DINO + CLIP,surface,100.0
foam,576,SAM object/bg + DINO + CLIP,mixed,100.0
foam,576,with 3D scanner: + real depth,all,97.42857142857143
foam,576,with 3D scanner: + real depth,geometric,88.0
foam,576,with 3D scanner: + real depth,surface,100.0
foam,576,with 3D scanner: + real depth,mixed,100.0
foam,725,1 segment,all,93.78571428571428
foam,725,1 segment,geometric,81.80555555555557
foam,725,1 segment,surface,97.27941176470588
foam,725,1 segment,mixed,99.16666666666666
foam,725,SAM parts,all,96.71428571428571
foam,725,SAM parts,geometric,89.44444444444444
foam,725,SAM parts,surface,99.11764705882354
foam,725,SAM parts,mixed,99.44444444444443
foam,725,SAM object/bg,all,97.35714285714286
foam,725,SAM object/bg,geometric,90.83333333333333
foam,725,SAM object/bg,surface,100.0
foam,725,SAM object/bg,mixed,98.88888888888889
foam,725,SAM object/bg + DINO,all,97.42857142857143
foam,725,SAM object/bg + DINO,geometric,91.11111111111111
foam,725,SAM object/bg + DINO,surface,100.0
foam,725,SAM object/bg + DINO,mixed,98.88888888888889
foam,725,SAM object/bg + DINO + CLIP,all,97.21428571428572
foam,725,SAM object/bg + DINO + CLIP,geometric,89.72222222222223
foam,725,SAM object/bg + DINO + CLIP,surface,100.0
foam,725,SAM object/bg + DINO + CLIP,mixed,99.44444444444444
foam,725,with 3D scanner: + real depth,all,97.07142857142857
foam,725,with 3D scanner: + real depth,geometric,89.16666666666666
foam,725,with 3D scanner: + real depth,surface,100.0
foam,725,with 3D scanner: + real depth,mixed,99.44444444444444
foam,823,1 segment,all,95.07142857142857
foam,823,1 segment,geometric,82.94117647058823
foam,823,1 segment,surface,98.81578947368422
foam,823,1 segment,mixed,99.33333333333333
foam,823,SAM parts,all,94.57142857142857
foam,823,SAM parts,geometric,80.0
foam,823,SAM parts,surface,99.3421052631579
foam,823,SAM parts,mixed,99.0
foam,823,SAM object/bg,all,96.35714285714285
foam,823,SAM object/bg,geometric,86.76470588235296
foam,823,SAM object/bg,surface,100.0
foam,823,SAM object/bg,mixed,98.0
foam,823,SAM object/bg + DINO,all,98.42857142857143
foam,823,SAM object/bg + DINO,geometric,94.70588235294117
foam,823,SAM object/bg + DINO,surface,99.86842105263158
foam,823,SAM object/bg + DINO,mixed,99.0
foam,823,SAM object/bg + DINO + CLIP,all,98.07142857142857
foam,823,SAM object/bg + DINO + CLIP,geometric,92.64705882352942
foam,823,SAM object/bg + DINO + CLIP,surface,99.73684210526315
foam,823,SAM object/bg + DINO + CLIP,mixed,100.0
foam,823,with 3D scanner: + real depth,all,97.85714285714285
foam,823,with 3D scanner: + real depth,geometric,91.76470588235294
foam,823,with 3D scanner: + real depth,surface,99.73684210526315
foam,823,with 3D scanner: + real depth,mixed,100.0
foam,831,1 segment,all,95.71428571428572
foam,831,1 segment,geometric,89.4736842105263
foam,831,1 segment,surface,96.96969696969697
foam,831,1 segment,mixed,100.0
foam,831,SAM parts,all,96.57142857142858
foam,831,SAM parts,geometric,87.36842105263158
foam,831,SAM parts,surface,100.0
foam,831,SAM parts,mixed,100.0
foam,831,SAM object/bg,all,95.78571428571429
foam,831,SAM object/bg,geometric,84.47368421052632
foam,831,SAM object/bg,surface,100.0
foam,831,SAM object/bg,mixed,100.0
foam,831,SAM object/bg + DINO,all,97.14285714285715
foam,831,SAM object/bg + DINO,geometric,89.47368421052632
foam,831,SAM object/bg + DINO,surface,100.0
foam,831,SAM object/bg + DINO,mixed,100.0
foam,831,SAM object/bg + DINO + CLIP,all,96.71428571428574
foam,831,SAM object/bg + DINO + CLIP,geometric,88.15789473684211
foam,831,SAM object/bg + DINO + CLIP,surface,99.84848484848484
foam,831,SAM object/bg + DINO + CLIP,mixed,100.0
foam,831,with 3D scanner: + real depth,all,96.64285714285714
foam,831,with 3D scanner: + real depth,geometric,88.1578947368421
foam,831,with 3D scanner: + real depth,surface,99.6969696969697
foam,831,with 3D scanner: + real depth,mixed,100.0
foam,902,1 segment,all,94.03571428571429
foam,902,1 segment,geometric,85.44117647058823
foam,902,1 segment,surface,96.36363636363636
foam,902,1 segment,mixed,97.50000000000001
foam,902,SAM parts,all,96.78571428571429
foam,902,SAM parts,geometric,87.3529411764706
foam,902,SAM parts,surface,99.84848484848484
foam,902,SAM parts,mixed,99.75
foam,902,SAM object/bg,all,97.57142857142857
foam,902,SAM object/bg,geometric,90.58823529411765
foam,902,SAM object/bg,surface,100.0
foam,902,SAM object/bg,mixed,99.5
foam,902,SAM object/bg + DINO,all,98.07142857142857
foam,902,SAM object/bg + DINO,geometric,92.64705882352942
foam,902,SAM object/bg + DINO,surface,100.0
foam,902,SAM object/bg + DINO,mixed,99.5
foam,902,SAM object/bg + DINO + CLIP,all,98.71428571428572
foam,902,SAM object/bg + DINO + CLIP,geometric,94.70588235294117
foam,902,SAM object/bg + DINO + CLIP,surface,100.0
foam,902,SAM object/bg + DINO + CLIP,mixed,100.0
foam,902,with 3D scanner: + real depth,all,98.85714285714286
foam,902,with 3D scanner: + real depth,geometric,95.29411764705881
foam,902,with 3D scanner: + real depth,surface,100.0
foam,902,with 3D scanner: + real depth,mixed,100.0
foam,226,1 segment,all,92.64285714285714
foam,226,1 segment,geometric,83.84615384615385
foam,226,1 segment,surface,94.45945945945947
foam,226,1 segment,mixed,95.0
foam,226,SAM parts,all,99.50000000000001
foam,226,SAM parts,geometric,99.23076923076923
foam,226,SAM parts,surface,100.0
foam,226,SAM parts,mixed,98.75
foam,226,SAM object/bg,all,95.28571428571428
foam,226,SAM object/bg,geometric,93.07692307692308
foam,226,SAM object/bg,surface,97.70270270270271
foam,226,SAM object/bg,mixed,92.25
foam,226,SAM object/bg + DINO,all,95.57142857142857
foam,226,SAM object/bg + DINO,geometric,93.07692307692308
foam,226,SAM object/bg + DINO,surface,96.35135135135135
foam,226,SAM object/bg + DINO,mixed,95.75
foam,226,SAM object/bg + DINO + CLIP,all,96.35714285714285
foam,226,SAM object/bg + DINO + CLIP,geometric,90.38461538461539
foam,226,SAM object/bg + DINO + CLIP,surface,98.1081081081081
foam,226,SAM object/bg + DINO + CLIP,mixed,97.0
foam,226,with 3D scanner: + real depth,all,95.92857142857143
foam,226,with 3D scanner: + real depth,geometric,86.15384615384616
foam,226,with 3D scanner: + real depth,surface,98.24324324324326
foam,226,with 3D scanner: + real depth,mixed,98.0
foam,598,1 segment,all,94.92857142857143
foam,598,1 segment,geometric,85.27777777777777
foam,598,1 segment,surface,97.94117647058825
foam,598,1 segment,mixed,98.88888888888889
foam,598,SAM parts,all,96.07142857142857
foam,598,SAM parts,geometric,85.55555555555556
foam,598,SAM parts,surface,99.70588235294117
foam,598,SAM parts,mixed,99.72222222222223
foam,598,SAM object/bg,all,95.71428571428572
foam,598,SAM object/bg,geometric,83.33333333333334
foam,598,SAM object/bg,surface,100.0
foam,598,SAM object/bg,mixed,100.0
foam,598,SAM object/bg + DINO,all,96.71428571428572
foam,598,SAM object/bg + DINO,geometric,88.8888888888889
foam,598,SAM object/bg + DINO,surface,99.55882352941175
foam,598,SAM object/bg + DINO,mixed,99.16666666666666
foam,598,SAM object/bg + DINO + CLIP,all,96.14285714285715
foam,598,SAM object/bg + DINO + CLIP,geometric,85.27777777777779
foam,598,SAM object/bg + DINO + CLIP,surface,99.8529411764706
foam,598,SAM object/bg + DINO + CLIP,mixed,100.0
foam,598,with 3D scanner: + real depth,all,96.35714285714286
foam,598,with 3D scanner: + real depth,geometric,86.1111111111111
foam,598,with 3D scanner: + real depth,surface,99.8529411764706
foam,598,with 3D scanner: + real depth,mixed,100.0
foam,874,1 segment,all,88.28571428571429
foam,874,1 segment,geometric,68.15789473684211
foam,874,1 segment,surface,94.85294117647058
foam,874,1 segment,mixed,97.64705882352942
foam,874,SAM parts,all,95.71428571428571
foam,874,SAM parts,geometric,84.47368421052632
foam,874,SAM parts,surface,99.8529411764706
foam,874,SAM parts,mixed,100.0
foam,874,SAM object/bg,all,94.25
foam,874,SAM object/bg,geometric,78.81578947368419
foam,874,SAM object/bg,surface,100.0
foam,874,SAM object/bg,mixed,100.0
foam,874,SAM object/bg + DINO,all,95.85714285714286
foam,874,SAM object/bg + DINO,geometric,84.73684210526315
foam,874,SAM object/bg + DINO,surface,100.0
foam,874,SAM object/bg + DINO,mixed,100.0
foam,874,SAM object/bg + DINO + CLIP,all,96.07142857142857
foam,874,SAM object/bg + DINO + CLIP,geometric,85.52631578947368
foam,874,SAM object/bg + DINO + CLIP,surface,100.0
foam,874,SAM object/bg + DINO + CLIP,mixed,100.0
foam,874,with 3D scanner: + real depth,all,95.85714285714285
foam,874,with 3D scanner: + real depth,geometric,84.73684210526315
foam,874,with 3D scanner: + real depth,surface,100.0
foam,874,with 3D scanner: + real depth,mixed,100.0
foam,589,1 segment,all,94.82142857142857
foam,589,1 segment,geometric,86.97368421052632
foam,589,1 segment,surface,97.87878787878789
foam,589,1 segment,mixed,97.5
foam,589,SAM parts,all,95.21428571428572
foam,589,SAM parts,geometric,82.63157894736841
foam,589,SAM parts,surface,100.0
foam,589,SAM parts,mixed,99.72222222222223
foam,589,SAM object/bg,all,95.07142857142857
foam,589,SAM object/bg,geometric,82.10526315789473
foam,589,SAM object/bg,surface,99.84848484848484
foam,589,SAM object/bg,mixed,100.0
foam,589,SAM object/bg + DINO,all,97.42857142857143
foam,589,SAM object/bg + DINO,geometric,91.05263157894737
foam,589,SAM object/bg + DINO,surface,99.69696969696969
foam,589,SAM object/bg + DINO,mixed,100.0
foam,589,SAM object/bg + DINO + CLIP,all,95.64285714285714
foam,589,SAM object/bg + DINO + CLIP,geometric,86.05263157894736
foam,589,SAM object/bg + DINO + CLIP,surface,99.3939393939394
foam,589,SAM object/bg + DINO + CLIP,mixed,98.88888888888889
foam,589,with 3D scanner: + real depth,all,95.32142857142857
foam,589,with 3D scanner: + real depth,geometric,85.92105263157895
foam,589,with 3D scanner: + real depth,surface,98.7878787878788
foam,589,with 3D scanner: + real depth,mixed,98.88888888888889
peach,333,1 segment,all,53.004807692307686
peach,333,1 segment,geometric,51.522435897435905
peach,333,1 segment,surface,57.53205128205129
peach,333,1 segment,mixed,51.442307692307686
peach,333,SAM parts,all,64.3830128205128
peach,333,SAM parts,geometric,60.416666666666664
peach,333,SAM parts,surface,64.74358974358975
peach,333,SAM parts,mixed,71.9551282051282
peach,333,SAM object/bg,all,69.83173076923079
peach,333,SAM object/bg,geometric,66.90705128205128
peach,333,SAM object/bg,surface,70.51282051282051
peach,333,SAM object/bg,mixed,74.99999999999999
peach,333,SAM object/bg + DINO,all,81.73076923076923
peach,333,SAM object/bg + DINO,geometric,80.20833333333334
peach,333,SAM object/bg + DINO,surface,81.08974358974359
peach,333,SAM object/bg + DINO,mixed,85.41666666666667
peach,333,SAM object/bg + DINO + CLIP,all,91.90705128205127
peach,333,SAM object/bg + DINO + CLIP,geometric,88.9423076923077
peach,333,SAM object/bg + DINO + CLIP,surface,93.91025641025641
peach,333,SAM object/bg + DINO + CLIP,mixed,95.83333333333334
peach,333,with 3D scanner: + real depth,all,97.31570512820514
peach,333,with 3D scanner: + real depth,geometric,96.875
peach,333,with 3D scanner: + real depth,surface,95.51282051282051
peach,333,with 3D scanner: + real depth,mixed,100.0
peach,576,1 segment,all,47.41586538461539
peach,576,1 segment,geometric,48.117839607201304
peach,576,1 segment,surface,51.109467455621306
peach,576,1 segment,mixed,41.80602006688963
peach,576,SAM parts,all,66.58653846153847
peach,576,SAM parts,geometric,63.82978723404255
peach,576,SAM parts,surface,62.8698224852071
peach,576,SAM parts,mixed,76.42140468227426
peach,576,SAM object/bg,all,68.7099358974359
peach,576,SAM object/bg,geometric,67.59410801963993
peach,576,SAM object/bg,surface,63.75739644970413
peach,576,SAM object/bg,mixed,76.5886287625418
peach,576,SAM object/bg + DINO,all,84.17467948717949
peach,576,SAM object/bg + DINO,geometric,81.66939443535188
peach,576,SAM object/bg + DINO,surface,80.9171597633136
peach,576,SAM object/bg + DINO,mixed,92.97658862876254
peach,576,SAM object/bg + DINO + CLIP,all,92.3076923076923
peach,576,SAM object/bg + DINO + CLIP,geometric,88.379705400982
peach,576,SAM object/bg + DINO + CLIP,surface,95.85798816568047
peach,576,SAM object/bg + DINO + CLIP,mixed,96.32107023411372
peach,576,with 3D scanner: + real depth,all,95.5128205128205
peach,576,with 3D scanner: + real depth,geometric,92.71685761047462
peach,576,with 3D scanner: + real depth,surface,96.89349112426035
peach,576,with 3D scanner: + real depth,mixed,99.66555183946488
peach,725,1 segment,all,54.22676282051282
peach,725,1 segment,geometric,54.631083202511775
peach,725,1 segment,surface,54.84615384615385
peach,725,1 segment,mixed,52.62237762237763
peach,725,SAM parts,all,58.85416666666667
peach,725,SAM parts,geometric,53.37519623233909
peach,725,SAM parts,surface,66.92307692307692
peach,725,SAM parts,mixed,61.888111888111894
peach,725,SAM object/bg,all,67.42788461538463
peach,725,SAM object/bg,geometric,63.57927786499214
peach,725,SAM object/bg,surface,71.0769230769231
peach,725,SAM object/bg,mixed,71.85314685314685
peach,725,SAM object/bg + DINO,all,82.9326923076923
peach,725,SAM object/bg + DINO,geometric,80.76923076923077
peach,725,SAM object/bg + DINO,surface,80.92307692307692
peach,725,SAM object/bg + DINO,mixed,90.03496503496503
peach,725,SAM object/bg + DINO + CLIP,all,91.74679487179486
peach,725,SAM object/bg + DINO + CLIP,geometric,88.54003139717426
peach,725,SAM object/bg + DINO + CLIP,surface,93.38461538461537
peach,725,SAM object/bg + DINO + CLIP,mixed,97.02797202797203
peach,725,with 3D scanner: + real depth,all,96.7948717948718
peach,725,with 3D scanner: + real depth,geometric,95.05494505494505
peach,725,with 3D scanner: + real depth,surface,97.38461538461539
peach,725,with 3D scanner: + real depth,mixed,100.0
peach,823,1 segment,all,52.00320512820513
peach,823,1 segment,geometric,56.00000000000001
peach,823,1 segment,surface,47.9020979020979
peach,823,1 segment,mixed,47.43589743589744
peach,823,SAM parts,all,67.66826923076924
peach,823,SAM parts,geometric,68.61538461538461
peach,823,SAM parts,surface,72.2027972027972
peach,823,SAM parts,mixed,61.53846153846154
peach,823,SAM object/bg,all,75.08012820512819
peach,823,SAM object/bg,geometric,76.23076923076923
peach,823,SAM object/bg,surface,73.6013986013986
peach,823,SAM object/bg,mixed,74.03846153846155
peach,823,SAM object/bg + DINO,all,84.05448717948718
peach,823,SAM object/bg + DINO,geometric,83.92307692307692
peach,823,SAM object/bg + DINO,surface,83.74125874125873
peach,823,SAM object/bg + DINO,mixed,84.61538461538461
peach,823,SAM object/bg + DINO + CLIP,all,93.34935897435898
peach,823,SAM object/bg + DINO + CLIP,geometric,91.61538461538461
peach,823,SAM object/bg + DINO + CLIP,surface,94.93006993006993
peach,823,SAM object/bg + DINO + CLIP,mixed,95.51282051282051
peach,823,with 3D scanner: + real depth,all,96.67467948717949
peach,823,with 3D scanner: + real depth,geometric,94.84615384615384
peach,823,with 3D scanner: + real depth,surface,97.20279720279721
peach,823,with 3D scanner: + real depth,mixed,100.0
peach,831,1 segment,all,66.20592948717949
peach,831,1 segment,geometric,61.999999999999986
peach,831,1 segment,surface,66.18589743589743
peach,831,1 segment,mixed,75.7867132867133
peach,831,SAM parts,all,56.69070512820513
peach,831,SAM parts,geometric,55.84615384615385
peach,831,SAM parts,surface,59.294871794871796
peach,831,SAM parts,mixed,55.769230769230774
peach,831,SAM object/bg,all,76.6025641025641
peach,831,SAM object/bg,geometric,80.76923076923077
peach,831,SAM object/bg,surface,71.63461538461539
peach,831,SAM object/bg,mixed,72.55244755244756
peach,831,SAM object/bg + DINO,all,84.21474358974359
peach,831,SAM object/bg + DINO,geometric,83.46153846153847
peach,831,SAM object/bg + DINO,surface,77.40384615384615
peach,831,SAM object/bg + DINO,mixed,93.35664335664336
peach,831,SAM object/bg + DINO + CLIP,all,93.58974358974359
peach,831,SAM object/bg + DINO + CLIP,geometric,89.61538461538461
peach,831,SAM object/bg + DINO + CLIP,surface,96.47435897435896
peach,831,SAM object/bg + DINO + CLIP,mixed,99.47552447552448
peach,831,with 3D scanner: + real depth,all,98.4775641025641
peach,831,with 3D scanner: + real depth,geometric,98.0
peach,831,with 3D scanner: + real depth,surface,98.07692307692307
peach,831,with 3D scanner: + real depth,mixed,100.0
peach,902,1 segment,all,60.877403846153854
peach,902,1 segment,geometric,58.77403846153847
peach,902,1 segment,surface,60.61253561253561
peach,902,1 segment,mixed,66.02564102564102
peach,902,SAM parts,all,60.416666666666664
peach,902,SAM parts,geometric,58.01282051282052
peach,902,SAM parts,surface,64.81481481481481
peach,902,SAM parts,mixed,60.256410256410255
peach,902,SAM object/bg,all,63.30128205128205
peach,902,SAM object/bg,geometric,60.096153846153854
peach,902,SAM object/bg,surface,61.965811965811966
peach,902,SAM object/bg,mixed,72.34432234432234
peach,902,SAM object/bg + DINO,all,79.28685897435899
peach,902,SAM object/bg + DINO,geometric,78.52564102564102
peach,902,SAM object/bg + DINO,surface,78.34757834757833
peach,902,SAM object/bg + DINO,mixed,82.23443223443223
peach,902,SAM object/bg + DINO + CLIP,all,88.06089743589743
peach,902,SAM object/bg + DINO + CLIP,geometric,82.7724358974359
peach,902,SAM object/bg + DINO + CLIP,surface,93.3048433048433
peach,902,SAM object/bg + DINO + CLIP,mixed,93.4065934065934
peach,902,with 3D scanner: + real depth,all,95.63301282051283
peach,902,with 3D scanner: + real depth,geometric,93.02884615384616
peach,902,with 3D scanner: + real depth,surface,97.15099715099714
peach,902,with 3D scanner: + real depth,mixed,99.63369963369964
peach,226,1 segment,all,56.22996794871795
peach,226,1 segment,geometric,56.02564102564103
peach,226,1 segment,surface,59.82905982905983
peach,226,1 segment,mixed,52.564102564102555
peach,226,SAM parts,all,62.6201923076923
peach,226,SAM parts,geometric,63.07692307692307
peach,226,SAM parts,surface,62.1082621082621
peach,226,SAM parts,mixed,62.33974358974359
peach,226,SAM object/bg,all,70.99358974358974
peach,226,SAM object/bg,geometric,72.3076923076923
peach,226,SAM object/bg,surface,66.66666666666666
peach,226,SAM object/bg,mixed,73.3974358974359
peach,226,SAM object/bg + DINO,all,85.53685897435899
peach,226,SAM object/bg + DINO,geometric,86.66666666666667
peach,226,SAM object/bg + DINO,surface,81.05413105413105
peach,226,SAM object/bg + DINO,mixed,88.46153846153847
peach,226,SAM object/bg + DINO + CLIP,all,88.9823717948718
peach,226,SAM object/bg + DINO + CLIP,geometric,89.23076923076924
peach,226,SAM object/bg + DINO + CLIP,surface,89.45868945868945
peach,226,SAM object/bg + DINO + CLIP,mixed,87.98076923076923
peach,226,with 3D scanner: + real depth,all,94.23076923076923
peach,226,with 3D scanner: + real depth,geometric,94.61538461538461
peach,226,with 3D scanner: + real depth,surface,90.31339031339031
peach,226,with 3D scanner: + real depth,mixed,97.91666666666667
peach,598,1 segment,all,55.328525641025635
peach,598,1 segment,geometric,54.67571644042232
peach,598,1 segment,surface,58.38461538461538
peach,598,1 segment,mixed,53.17307692307692
peach,598,SAM parts,all,59.334935897435905
peach,598,SAM parts,geometric,57.01357466063348
peach,598,SAM parts,surface,58.30769230769231
peach,598,SAM parts,mixed,66.53846153846153
peach,598,SAM object/bg,all,66.58653846153845
peach,598,SAM object/bg,geometric,63.80090497737557
peach,598,SAM object/bg,surface,62.46153846153846
peach,598,SAM object/bg,mixed,78.84615384615384
peach,598,SAM object/bg + DINO,all,82.13141025641026
peach,598,SAM object/bg + DINO,geometric,81.22171945701358
peach,598,SAM object/bg + DINO,surface,78.0
peach,598,SAM object/bg + DINO,mixed,89.61538461538461
peach,598,SAM object/bg + DINO + CLIP,all,89.82371794871796
peach,598,SAM object/bg + DINO + CLIP,geometric,84.38914027149322
peach,598,SAM object/bg + DINO + CLIP,surface,94.92307692307693
peach,598,SAM object/bg + DINO + CLIP,mixed,97.3076923076923
peach,598,with 3D scanner: + real depth,all,97.83653846153845
peach,598,with 3D scanner: + real depth,geometric,96.53092006033181
peach,598,with 3D scanner: + real depth,surface,98.76923076923076
peach,598,with 3D scanner: + real depth,mixed,100.0
peach,874,1 segment,all,54.767628205128204
peach,874,1 segment,geometric,52.42307692307693
peach,874,1 segment,surface,56.57051282051282
peach,874,1 segment,mixed,58.12937062937063
peach,874,SAM parts,all,66.94711538461537
peach,874,SAM parts,geometric,67.38461538461537
peach,874,SAM parts,surface,66.34615384615384
peach,874,SAM parts,mixed,66.60839160839161
peach,874,SAM object/bg,all,67.02724358974359
peach,874,SAM object/bg,geometric,68.23076923076923
peach,874,SAM object/bg,surface,63.30128205128206
peach,874,SAM object/bg,mixed,68.35664335664336
peach,874,SAM object/bg + DINO,all,82.01121794871796
peach,874,SAM object/bg + DINO,geometric,81.46153846153847
peach,874,SAM object/bg + DINO,surface,77.08333333333334
peach,874,SAM object/bg + DINO,mixed,88.63636363636364
peach,874,SAM object/bg + DINO + CLIP,all,92.2275641025641
peach,874,SAM object/bg + DINO + CLIP,geometric,88.15384615384616
peach,874,SAM object/bg + DINO + CLIP,surface,95.51282051282051
peach,874,SAM object/bg + DINO + CLIP,mixed,97.9020979020979
peach,874,with 3D scanner: + real depth,all,96.51442307692307
peach,874,with 3D scanner: + real depth,geometric,94.15384615384616
peach,874,with 3D scanner: + real depth,surface,98.23717948717949
peach,874,with 3D scanner: + real depth,mixed,100.0
peach,589,1 segment,all,56.1298076923077
peach,589,1 segment,geometric,57.171474358974365
peach,589,1 segment,surface,56.891025641025635
peach,589,1 segment,mixed,53.28525641025641
peach,589,SAM parts,all,59.895833333333336
peach,589,SAM parts,geometric,64.1025641025641
peach,589,SAM parts,surface,60.256410256410255
peach,589,SAM parts,mixed,51.121794871794876
peach,589,SAM object/bg,all,72.79647435897435
peach,589,SAM object/bg,geometric,72.91666666666666
peach,589,SAM object/bg,surface,78.0448717948718
peach,589,SAM object/bg,mixed,67.3076923076923
peach,589,SAM object/bg + DINO,all,83.09294871794872
peach,589,SAM object/bg + DINO,geometric,80.92948717948718
peach,589,SAM object/bg + DINO,surface,81.89102564102565
peach,589,SAM object/bg + DINO,mixed,88.62179487179486
peach,589,SAM object/bg + DINO + CLIP,all,93.7099358974359
peach,589,SAM object/bg + DINO + CLIP,geometric,90.22435897435898
peach,589,SAM object/bg + DINO + CLIP,surface,95.99358974358975
peach,589,SAM object/bg + DINO + CLIP,mixed,98.3974358974359
peach,589,with 3D scanner: + real depth,all,95.67307692307692
peach,589,with 3D scanner: + real depth,geometric,94.79166666666667
peach,589,with 3D scanner: + real depth,surface,93.42948717948718
peach,589,with 3D scanner: + real depth,mixed,99.67948717948718
potato,333,1 segment,all,63.109756097560975
potato,333,1 segment,geometric,66.66666666666667
potato,333,1 segment,surface,58.76623376623377
potato,333,1 segment,mixed,60.9504132231405
potato,333,SAM parts,all,57.15077605321508
potato,333,SAM parts,geometric,57.342657342657354
potato,333,SAM parts,surface,54.54545454545454
potato,333,SAM parts,mixed,59.29752066115702
potato,333,SAM object/bg,all,60.31042128603104
potato,333,SAM object/bg,geometric,62.412587412587406
potato,333,SAM object/bg,surface,49.675324675324674
potato,333,SAM object/bg,mixed,66.73553719008264
potato,333,SAM object/bg + DINO,all,65.46563192904655
potato,333,SAM object/bg + DINO,geometric,66.2004662004662
potato,333,SAM object/bg + DINO,surface,68.61471861471861
potato,333,SAM object/bg + DINO,mixed,61.15702479338842
potato,333,SAM object/bg + DINO + CLIP,all,70.06651884700665
potato,333,SAM object/bg + DINO + CLIP,geometric,71.91142191142191
potato,333,SAM object/bg + DINO + CLIP,surface,70.99567099567099
potato,333,SAM object/bg + DINO + CLIP,mixed,65.90909090909092
potato,333,with 3D scanner: + real depth,all,89.80044345898004
potato,333,with 3D scanner: + real depth,geometric,92.3076923076923
potato,333,with 3D scanner: + real depth,surface,85.06493506493506
potato,333,with 3D scanner: + real depth,mixed,89.87603305785123
potato,576,1 segment,all,51.38580931263858
potato,576,1 segment,geometric,46.32867132867133
potato,576,1 segment,surface,50.9297520661157
potato,576,1 segment,mixed,61.25541125541126
potato,576,SAM parts,all,56.1529933481153
potato,576,SAM parts,geometric,56.75990675990676
potato,576,SAM parts,surface,51.446280991735534
potato,576,SAM parts,mixed,59.95670995670995
potato,576,SAM object/bg,all,61.30820399113082
potato,576,SAM object/bg,geometric,56.75990675990676
potato,576,SAM object/bg,surface,60.9504132231405
potato,576,SAM object/bg,mixed,70.12987012987013
potato,576,SAM object/bg + DINO,all,69.06873614190687
potato,576,SAM object/bg + DINO,geometric,66.78321678321679
potato,576,SAM object/bg + DINO,surface,77.27272727272727
potato,576,SAM object/bg + DINO,mixed,64.7186147186147
potato,576,SAM object/bg + DINO + CLIP,all,76.94013303769401
potato,576,SAM object/bg + DINO + CLIP,geometric,74.82517482517483
potato,576,SAM object/bg + DINO + CLIP,surface,80.57851239669421
potato,576,SAM object/bg + DINO + CLIP,mixed,77.05627705627705
potato,576,with 3D scanner: + real depth,all,90.41019955654102
potato,576,with 3D scanner: + real depth,geometric,90.09324009324008
potato,576,with 3D scanner: + real depth,surface,87.39669421487604
potato,576,with 3D scanner: + real depth,mixed,94.15584415584415
potato,725,1 segment,all,55.764966740576504
potato,725,1 segment,geometric,50.44345898004434
potato,725,1 segment,surface,57.57575757575757
potato,725,1 segment,mixed,64.77272727272727
potato,725,SAM parts,all,41.68514412416852
potato,725,SAM parts,geometric,38.24833702882483
potato,725,SAM parts,surface,49.134199134199136
potato,725,SAM parts,mixed,40.90909090909091
potato,725,SAM object/bg,all,58.53658536585367
potato,725,SAM object/bg,geometric,55.32150776053215
potato,725,SAM object/bg,surface,59.09090909090909
potato,725,SAM object/bg,mixed,64.54545454545455
potato,725,SAM object/bg + DINO,all,50.49889135254989
potato,725,SAM object/bg + DINO,geometric,45.565410199556545
potato,725,SAM object/bg + DINO,surface,51.73160173160174
potato,725,SAM object/bg + DINO,mixed,59.31818181818183
potato,725,SAM object/bg + DINO + CLIP,all,62.02882483370288
potato,725,SAM object/bg + DINO + CLIP,geometric,52.54988913525498
potato,725,SAM object/bg + DINO + CLIP,surface,67.31601731601732
potato,725,SAM object/bg + DINO + CLIP,mixed,75.9090909090909
potato,725,with 3D scanner: + real depth,all,79.93348115299334
potato,725,with 3D scanner: + real depth,geometric,82.15077605321508
potato,725,with 3D scanner: + real depth,surface,74.89177489177489
potato,725,with 3D scanner: + real depth,mixed,80.68181818181819
potato,823,1 segment,all,53.3259423503326
potato,823,1 segment,geometric,54.27489177489178
potato,823,1 segment,surface,57.82828282828283
potato,823,1 segment,mixed,47.83057851239669
potato,823,SAM parts,all,49.77827050997783
potato,823,SAM parts,geometric,54.00432900432901
potato,823,SAM parts,surface,52.27272727272728
potato,823,SAM parts,mixed,39.66942148760331
potato,823,SAM object/bg,all,47.72727272727273
potato,823,SAM object/bg,geometric,53.30086580086581
potato,823,SAM object/bg,surface,50.63131313131313
potato,823,SAM object/bg,mixed,34.71074380165289
potato,823,SAM object/bg + DINO,all,52.827050997782706
potato,823,SAM object/bg + DINO,geometric,55.4112554112554
potato,823,SAM object/bg + DINO,surface,64.14141414141415
potato,823,SAM object/bg + DINO,mixed,38.63636363636363
potato,823,SAM object/bg + DINO + CLIP,all,62.36141906873613
potato,823,SAM object/bg + DINO + CLIP,geometric,63.095238095238095
potato,823,SAM object/bg + DINO + CLIP,surface,75.25252525252525
potato,823,SAM object/bg + DINO + CLIP,mixed,50.413223140495866
potato,823,with 3D scanner: + real depth,all,90.13303769401331
potato,823,with 3D scanner: + real depth,geometric,91.88311688311688
potato,823,with 3D scanner: + real depth,surface,87.62626262626263
potato,823,with 3D scanner: + real depth,mixed,88.84297520661157
potato,831,1 segment,all,52.494456762749444
potato,831,1 segment,geometric,50.79281183932347
potato,831,1 segment,surface,54.87012987012987
potato,831,1 segment,mixed,53.78787878787878
potato,831,SAM parts,all,54.933481152993345
potato,831,SAM parts,geometric,52.2198731501057
potato,831,SAM parts,surface,55.84415584415584
potato,831,SAM parts,mixed,60.35353535353535
potato,831,SAM object/bg,all,54.933481152993345
potato,831,SAM object/bg,geometric,49.2600422832981
potato,831,SAM object/bg,surface,57.14285714285715
potato,831,SAM object/bg,mixed,65.90909090909092
potato,831,SAM object/bg + DINO,all,54.32372505543237
potato,831,SAM object/bg + DINO,geometric,48.73150105708245
potato,831,SAM object/bg + DINO,surface,60.17316017316017
potato,831,SAM object/bg + DINO,mixed,60.858585858585855
potato,831,SAM object/bg + DINO + CLIP,all,62.6940133037694
potato,831,SAM object/bg + DINO + CLIP,geometric,57.08245243128963
potato,831,SAM object/bg + DINO + CLIP,surface,68.61471861471861
potato,831,SAM object/bg + DINO + CLIP,mixed,69.1919191919192
potato,831,with 3D scanner: + real depth,all,84.25720620842573
potato,831,with 3D scanner: + real depth,geometric,85.4122621564482
potato,831,with 3D scanner: + real depth,surface,75.32467532467533
potato,831,with 3D scanner: + real depth,mixed,91.91919191919192
potato,902,1 segment,all,50.80376940133038
potato,902,1 segment,geometric,47.272727272727266
potato,902,1 segment,surface,57.41106719367589
potato,902,1 segment,mixed,50.23923444976076
potato,902,SAM parts,all,50.66518847006651
potato,902,SAM parts,geometric,57.04545454545455
potato,902,SAM parts,surface,50.19762845849802
potato,902,SAM parts,mixed,37.79904306220095
potato,902,SAM object/bg,all,53.492239467849224
potato,902,SAM object/bg,geometric,57.670454545454554
potato,902,SAM object/bg,surface,58.992094861660085
potato,902,SAM object/bg,mixed,38.038277511961724
potato,902,SAM object/bg + DINO,all,60.69844789356984
potato,902,SAM object/bg + DINO,geometric,61.59090909090909
potato,902,SAM object/bg + DINO,surface,70.35573122529644
potato,902,SAM object/bg + DINO,mixed,47.12918660287081
potato,902,SAM object/bg + DINO + CLIP,all,65.68736141906874
potato,902,SAM object/bg + DINO + CLIP,geometric,68.97727272727273
potato,902,SAM object/bg + DINO + CLIP,surface,70.35573122529645
potato,902,SAM object/bg + DINO + CLIP,mixed,53.110047846889955
potato,902,with 3D scanner: + real depth,all,89.7450110864745
potato,902,with 3D scanner: + real depth,geometric,93.18181818181817
potato,902,with 3D scanner: + real depth,surface,82.80632411067194
potato,902,with 3D scanner: + real depth,mixed,90.9090909090909
potato,226,1 segment,all,45.45454545454545
potato,226,1 segment,geometric,42.07616707616707
potato,226,1 segment,surface,47.233201581027664
potato,226,1 segment,mixed,49.27685950413223
potato,226,SAM parts,all,41.24168514412417
potato,226,SAM parts,geometric,49.14004914004914
potato,226,SAM parts,surface,38.33992094861661
potato,226,SAM parts,mixed,30.99173553719008
potato,226,SAM object/bg,all,58.536585365853654
potato,226,SAM object/bg,geometric,59.7051597051597
potato,226,SAM object/bg,surface,57.509881422924906
potato,226,SAM object/bg,mixed,57.64462809917356
potato,226,SAM object/bg + DINO,all,69.62305986696231
potato,226,SAM object/bg + DINO,geometric,66.95331695331697
potato,226,SAM object/bg + DINO,surface,78.65612648221342
potato,226,SAM object/bg + DINO,mixed,64.6694214876033
potato,226,SAM object/bg + DINO + CLIP,all,73.00443458980044
potato,226,SAM object/bg + DINO + CLIP,geometric,68.05896805896808
potato,226,SAM object/bg + DINO + CLIP,surface,83.201581027668
potato,226,SAM object/bg + DINO + CLIP,mixed,70.66115702479338
potato,226,with 3D scanner: + real depth,all,87.25055432372505
potato,226,with 3D scanner: + real depth,geometric,90.04914004914005
potato,226,with 3D scanner: + real depth,surface,80.63241106719369
potato,226,with 3D scanner: + real depth,mixed,89.46280991735537
potato,598,1 segment,all,50.388026607538805
potato,598,1 segment,geometric,44.71458773784355
potato,598,1 segment,surface,52.38095238095237
potato,598,1 segment,mixed,61.61616161616163
potato,598,SAM parts,all,51.21951219512195
potato,598,SAM parts,geometric,44.92600422832981
potato,598,SAM parts,surface,52.38095238095237
potato,598,SAM parts,mixed,64.8989898989899
potato,598,SAM object/bg,all,51.33037694013303
potato,598,SAM object/bg,geometric,47.78012684989429
potato,598,SAM object/bg,surface,49.35064935064935
potato,598,SAM object/bg,mixed,62.121212121212125
potato,598,SAM object/bg + DINO,all,70.34368070953437
potato,598,SAM object/bg + DINO,geometric,67.75898520084567
potato,598,SAM object/bg + DINO,surface,79.00432900432901
potato,598,SAM object/bg + DINO,mixed,66.41414141414141
potato,598,SAM object/bg + DINO + CLIP,all,70.95343680709534
potato,598,SAM object/bg + DINO + CLIP,geometric,64.90486257928119
potato,598,SAM object/bg + DINO + CLIP,surface,77.48917748917748
potato,598,SAM object/bg + DINO + CLIP,mixed,77.77777777777777
potato,598,with 3D scanner: + real depth,all,87.02882483370288
potato,598,with 3D scanner: + real depth,geometric,87.73784355179703
potato,598,with 3D scanner: + real depth,surface,81.16883116883116
potato,598,with 3D scanner: + real depth,mixed,92.17171717171718
potato,874,1 segment,all,35.310421286031044
potato,874,1 segment,geometric,34.368070953436806
potato,874,1 segment,surface,35.71428571428571
potato,874,1 segment,mixed,36.81818181818181
potato,874,SAM parts,all,38.69179600886918
potato,874,SAM parts,geometric,39.24611973392462
potato,874,SAM parts,surface,41.34199134199134
potato,874,SAM parts,mixed,34.77272727272727
potato,874,SAM object/bg,all,52.4390243902439
potato,874,SAM object/bg,geometric,50.332594235033255
potato,874,SAM object/bg,surface,56.06060606060607
potato,874,SAM object/bg,mixed,52.95454545454545
potato,874,SAM object/bg + DINO,all,68.07095343680707
potato,874,SAM object/bg + DINO,geometric,62.63858093126387
potato,874,SAM object/bg + DINO,surface,77.27272727272727
potato,874,SAM object/bg + DINO,mixed,69.54545454545455
potato,874,SAM object/bg + DINO + CLIP,all,71.11973392461198
potato,874,SAM object/bg + DINO + CLIP,geometric,64.30155210643017
potato,874,SAM object/bg + DINO + CLIP,surface,76.62337662337663
potato,874,SAM object/bg + DINO + CLIP,mixed,79.31818181818181
potato,874,with 3D scanner: + real depth,all,84.31263858093126
potato,874,with 3D scanner: + real depth,geometric,85.36585365853658
potato,874,with 3D scanner: + real depth,surface,79.87012987012987
potato,874,with 3D scanner: + real depth,mixed,86.81818181818181
potato,589,1 segment,all,59.28492239467849
potato,589,1 segment,geometric,56.81818181818182
potato,589,1 segment,surface,66.12554112554113
potato,589,1 segment,mixed,57.14285714285714
potato,589,SAM parts,all,53.215077605321504
potato,589,SAM parts,geometric,52.84090909090909
potato,589,SAM parts,surface,52.81385281385281
potato,589,SAM parts,mixed,54.32900432900433
potato,589,SAM object/bg,all,53.71396895787141
potato,589,SAM object/bg,geometric,51.590909090909086
potato,589,SAM object/bg,surface,63.41991341991342
potato,589,SAM object/bg,mixed,48.05194805194805
potato,589,SAM object/bg + DINO,all,54.379157427937905
potato,589,SAM object/bg + DINO,geometric,49.31818181818182
potato,589,SAM object/bg + DINO,surface,58.87445887445888
potato,589,SAM object/bg + DINO,mixed,59.52380952380951
potato,589,SAM object/bg + DINO + CLIP,all,62.86031042128604
potato,589,SAM object/bg + DINO + CLIP,geometric,53.40909090909092
potato,589,SAM object/bg + DINO + CLIP,surface,73.37662337662337
potato,589,SAM object/bg + DINO + CLIP,mixed,70.34632034632034
potato,589,with 3D scanner: + real depth,all,83.48115299334812
potato,589,with 3D scanner: + real depth,geometric,85.0
potato,589,with 3D scanner: + real depth,surface,79.004329004329
potato,589,with 3D scanner: + real depth,mixed,85.06493506493507
rope,333,1 segment,all,97.29872881355932
rope,333,1 segment,geometric,99.82638888888889
rope,333,1 segment,surface,93.34239130434783
rope,333,SAM parts,all,95.28601694915254
rope,333,SAM parts,geometric,100.0
rope,333,SAM parts,surface,87.90760869565217
rope,333,SAM object/bg,all,96.15995762711864
rope,333,SAM object/bg,geometric,100.0
rope,333,SAM object/bg,surface,90.14945652173914
rope,333,SAM object/bg + DINO,all,96.37182203389831
rope,333,SAM object/bg + DINO,geometric,100.0
rope,333,SAM object/bg + DINO,surface,90.69293478260869
rope,333,SAM object/bg + DINO + CLIP,all,95.92161016949153
rope,333,SAM object/bg + DINO + CLIP,geometric,100.0
rope,333,SAM object/bg + DINO + CLIP,surface,89.53804347826086
rope,333,with 3D scanner: + real depth,all,95.70974576271186
rope,333,with 3D scanner: + real depth,geometric,100.0
rope,333,with 3D scanner: + real depth,surface,88.99456521739131
rope,576,1 segment,all,99.15254237288136
rope,576,1 segment,geometric,99.65277777777779
rope,576,1 segment,surface,98.36956521739131
rope,576,SAM parts,all,98.41101694915254
rope,576,SAM parts,geometric,99.13194444444444
rope,576,SAM parts,surface,97.28260869565217
rope,576,SAM object/bg,all,98.22563559322035
rope,576,SAM object/bg,geometric,98.69791666666666
rope,576,SAM object/bg,surface,97.48641304347827
rope,576,SAM object/bg + DINO,all,99.73516949152543
rope,576,SAM object/bg + DINO,geometric,100.0
rope,576,SAM object/bg + DINO,surface,99.32065217391303
rope,576,SAM object/bg + DINO + CLIP,all,99.3114406779661
rope,576,SAM object/bg + DINO + CLIP,geometric,99.56597222222221
rope,576,SAM object/bg + DINO + CLIP,surface,98.91304347826086
rope,576,with 3D scanner: + real depth,all,99.78813559322035
rope,576,with 3D scanner: + real depth,geometric,100.0
rope,576,with 3D scanner: + real depth,surface,99.45652173913044
rope,725,1 segment,all,99.70868644067797
rope,725,1 segment,geometric,99.95888157894737
rope,725,1 segment,surface,99.25595238095238
rope,725,SAM parts,all,99.20550847457626
rope,725,SAM parts,geometric,100.0
rope,725,SAM parts,surface,97.76785714285714
rope,725,SAM object/bg,all,99.02012711864407
rope,725,SAM object/bg,geometric,100.0
rope,725,SAM object/bg,surface,97.24702380952381
rope,725,SAM object/bg + DINO,all,99.1260593220339
rope,725,SAM object/bg + DINO,geometric,100.0
rope,725,SAM object/bg + DINO,surface,97.54464285714285
rope,725,SAM object/bg + DINO + CLIP,all,99.07309322033899
rope,725,SAM object/bg + DINO + CLIP,geometric,100.0
rope,725,SAM object/bg + DINO + CLIP,surface,97.39583333333333
rope,725,with 3D scanner: + real depth,all,98.99364406779661
rope,725,with 3D scanner: + real depth,geometric,100.0
rope,725,with 3D scanner: + real depth,surface,97.17261904761905
rope,823,1 segment,all,98.14618644067797
rope,823,1 segment,geometric,100.0
rope,823,1 segment,surface,95.0284090909091
rope,823,SAM parts,all,96.23940677966102
rope,823,SAM parts,geometric,100.0
rope,823,SAM parts,surface,89.91477272727273
rope,823,SAM object/bg,all,96.10699152542372
rope,823,SAM object/bg,geometric,100.0
rope,823,SAM object/bg,surface,89.5596590909091
rope,823,SAM object/bg + DINO,all,96.55720338983052
rope,823,SAM object/bg + DINO,geometric,100.0
rope,823,SAM object/bg + DINO,surface,90.76704545454545
rope,823,SAM object/bg + DINO + CLIP,all,95.86864406779661
rope,823,SAM object/bg + DINO + CLIP,geometric,100.0
rope,823,SAM object/bg + DINO + CLIP,surface,88.92045454545455
rope,823,with 3D scanner: + real depth,all,95.89512711864407
rope,823,with 3D scanner: + real depth,geometric,100.0
rope,823,with 3D scanner: + real depth,surface,88.99147727272727
rope,831,1 segment,all,98.4375
rope,831,1 segment,geometric,100.0
rope,831,1 segment,surface,95.14802631578947
rope,831,SAM parts,all,99.81461864406779
rope,831,SAM parts,geometric,100.0
rope,831,SAM parts,surface,99.42434210526316
rope,831,SAM object/bg,all,99.73516949152543
rope,831,SAM object/bg,geometric,100.0
rope,831,SAM object/bg,surface,99.17763157894737
rope,831,SAM object/bg + DINO,all,99.60275423728814
rope,831,SAM object/bg + DINO,geometric,100.0
rope,831,SAM object/bg + DINO,surface,98.76644736842105
rope,831,SAM object/bg + DINO + CLIP,all,99.52330508474576
rope,831,SAM object/bg + DINO + CLIP,geometric,100.0
rope,831,SAM object/bg + DINO + CLIP,surface,98.51973684210526
rope,831,with 3D scanner: + real depth,all,99.54978813559322
rope,831,with 3D scanner: + real depth,geometric,100.0
rope,831,with 3D scanner: + real depth,surface,98.60197368421053
rope,902,1 segment,all,99.54978813559322
rope,902,1 segment,geometric,99.8766447368421
rope,902,1 segment,surface,98.95833333333333
rope,902,SAM parts,all,99.3114406779661
rope,902,SAM parts,geometric,100.0
rope,902,SAM parts,surface,98.0654761904762
rope,902,SAM object/bg,all,99.09957627118644
rope,902,SAM object/bg,geometric,100.0
rope,902,SAM object/bg,surface,97.47023809523809
rope,902,SAM object/bg + DINO,all,99.73516949152543
rope,902,SAM object/bg + DINO,geometric,100.0
rope,902,SAM object/bg + DINO,surface,99.25595238095238
rope,902,SAM object/bg + DINO + CLIP,all,99.73516949152543
rope,902,SAM object/bg + DINO + CLIP,geometric,100.0
rope,902,SAM object/bg + DINO + CLIP,surface,99.25595238095238
rope,902,with 3D scanner: + real depth,all,99.78813559322035
rope,902,with 3D scanner: + real depth,geometric,100.0
rope,902,with 3D scanner: + real depth,surface,99.40476190476191
rope,226,1 segment,all,98.80826271186442
rope,226,1 segment,geometric,100.0
rope,226,1 segment,surface,97.0703125
rope,226,SAM parts,all,93.90889830508475
rope,226,SAM parts,geometric,100.0
rope,226,SAM parts,surface,85.02604166666666
rope,226,SAM object/bg,all,94.27966101694916
rope,226,SAM object/bg,geometric,100.0
rope,226,SAM object/bg,surface,85.9375
rope,226,SAM object/bg + DINO,all,95.02118644067798
rope,226,SAM object/bg + DINO,geometric,100.0
rope,226,SAM object/bg + DINO,surface,87.76041666666666
rope,226,SAM object/bg + DINO + CLIP,all,95.89512711864407
rope,226,SAM object/bg + DINO + CLIP,geometric,100.0
rope,226,SAM object/bg + DINO + CLIP,surface,89.90885416666667
rope,226,with 3D scanner: + real depth,all,95.63029661016948
rope,226,with 3D scanner: + real depth,geometric,100.0
rope,226,with 3D scanner: + real depth,surface,89.2578125
rope,598,1 segment,all,99.41737288135593
rope,598,1 segment,geometric,99.46646341463415
rope,598,1 segment,surface,99.30555555555556
rope,598,SAM parts,all,98.75529661016948
rope,598,SAM parts,geometric,98.85670731707317
rope,598,SAM parts,surface,98.52430555555556
rope,598,SAM object/bg,all,98.33156779661016
rope,598,SAM object/bg,geometric,98.32317073170731
rope,598,SAM object/bg,surface,98.35069444444444
rope,598,SAM object/bg + DINO,all,98.9406779661017
rope,598,SAM object/bg + DINO,geometric,98.93292682926828
rope,598,SAM object/bg + DINO,surface,98.95833333333333
rope,598,SAM object/bg + DINO + CLIP,all,98.88771186440678
rope,598,SAM object/bg + DINO + CLIP,geometric,98.85670731707317
rope,598,SAM object/bg + DINO + CLIP,surface,98.95833333333334
rope,598,with 3D scanner: + real depth,all,98.9406779661017
rope,598,with 3D scanner: + real depth,geometric,98.93292682926828
rope,598,with 3D scanner: + real depth,surface,98.95833333333333
rope,874,1 segment,all,99.70868644067797
rope,874,1 segment,geometric,100.0
rope,874,1 segment,surface,99.18154761904762
rope,874,SAM parts,all,99.28495762711864
rope,874,SAM parts,geometric,100.0
rope,874,SAM parts,surface,97.99107142857143
rope,874,SAM object/bg,all,98.88771186440678
rope,874,SAM object/bg,geometric,100.0
rope,874,SAM object/bg,surface,96.875
rope,874,SAM object/bg + DINO,all,99.44385593220339
rope,874,SAM object/bg + DINO,geometric,100.0
rope,874,SAM object/bg + DINO,surface,98.4375
rope,874,SAM object/bg + DINO + CLIP,all,99.6292372881356
rope,874,SAM object/bg + DINO + CLIP,geometric,100.0
rope,874,SAM object/bg + DINO + CLIP,surface,98.95833333333333
rope,874,with 3D scanner: + real depth,all,99.52330508474576
rope,874,with 3D scanner: + real depth,geometric,100.0
rope,874,with 3D scanner: + real depth,surface,98.66071428571428
rope,589,1 segment,all,98.91419491525424
rope,589,1 segment,geometric,100.0
rope,589,1 segment,surface,97.21467391304348
rope,589,SAM parts,all,96.08050847457626
rope,589,SAM parts,geometric,100.0
rope,589,SAM parts,surface,89.94565217391305
rope,589,SAM object/bg,all,96.74258474576271
rope,589,SAM object/bg,geometric,100.0
rope,589,SAM object/bg,surface,91.64402173913044
rope,589,SAM object/bg + DINO,all,95.97457627118644
rope,589,SAM object/bg + DINO,geometric,100.0
rope,589,SAM object/bg + DINO,surface,89.67391304347827
rope,589,SAM object/bg + DINO + CLIP,all,96.71610169491525
rope,589,SAM object/bg + DINO + CLIP,geometric,100.0
rope,589,SAM object/bg + DINO + CLIP,surface,91.57608695652173
rope,589,with 3D scanner: + real depth,all,95.44491525423729
rope,589,with 3D scanner: + real depth,geometric,100.0
rope,589,with 3D scanner: + real depth,surface,88.31521739130436
tire,333,1 segment,all,73.8961038961039
tire,333,1 segment,geometric,71.3913043478261
tire,333,1 segment,surface,75.48148148148148
tire,333,1 segment,mixed,92.0
tire,333,SAM parts,all,69.03896103896105
tire,333,SAM parts,geometric,67.82608695652173
tire,333,SAM parts,surface,68.44444444444444
tire,333,SAM parts,mixed,87.0
tire,333,SAM object/bg,all,72.72727272727273
tire,333,SAM object/bg,geometric,70.65217391304348
tire,333,SAM object/bg,surface,74.81481481481482
tire,333,SAM object/bg,mixed,82.5
tire,333,SAM object/bg + DINO,all,68.15584415584416
tire,333,SAM object/bg + DINO,geometric,66.65217391304348
tire,333,SAM object/bg + DINO,surface,68.59259259259258
tire,333,SAM object/bg + DINO,mixed,82.5
tire,333,SAM object/bg + DINO + CLIP,all,68.62337662337661
tire,333,SAM object/bg + DINO + CLIP,geometric,65.95652173913044
tire,333,SAM object/bg + DINO + CLIP,surface,72.14814814814815
tire,333,SAM object/bg + DINO + CLIP,mixed,75.50000000000001
tire,333,with 3D scanner: + real depth,all,67.5844155844156
tire,333,with 3D scanner: + real depth,geometric,64.78260869565217
tire,333,with 3D scanner: + real depth,surface,71.11111111111111
tire,333,with 3D scanner: + real depth,mixed,76.0
tire,576,1 segment,all,72.96103896103897
tire,576,1 segment,geometric,68.3913043478261
tire,576,1 segment,surface,78.07407407407408
tire,576,1 segment,mixed,91.0
tire,576,SAM parts,all,77.87012987012987
tire,576,SAM parts,geometric,73.43478260869564
tire,576,SAM parts,surface,83.03703703703704
tire,576,SAM parts,mixed,94.0
tire,576,SAM object/bg,all,74.54545454545455
tire,576,SAM object/bg,geometric,70.5217391304348
tire,576,SAM object/bg,surface,78.96296296296296
tire,576,SAM object/bg,mixed,90.99999999999999
tire,576,SAM object/bg + DINO,all,71.45454545454545
tire,576,SAM object/bg + DINO,geometric,70.34782608695652
tire,576,SAM object/bg + DINO,surface,72.0
tire,576,SAM object/bg + DINO,mixed,80.5
tire,576,SAM object/bg + DINO + CLIP,all,70.46753246753246
tire,576,SAM object/bg + DINO + CLIP,geometric,69.1304347826087
tire,576,SAM object/bg + DINO + CLIP,surface,71.25925925925925
tire,576,SAM object/bg + DINO + CLIP,mixed,80.5
tire,576,with 3D scanner: + real depth,all,73.16883116883118
tire,576,with 3D scanner: + real depth,geometric,70.91304347826087
tire,576,with 3D scanner: + real depth,surface,74.8888888888889
tire,576,with 3D scanner: + real depth,mixed,87.5
tire,725,1 segment,all,73.81818181818181
tire,725,1 segment,geometric,68.16666666666667
tire,725,1 segment,surface,81.28
tire,725,1 segment,mixed,95.0
tire,725,SAM parts,all,69.71428571428572
tire,725,SAM parts,geometric,68.20833333333333
tire,725,SAM parts,surface,70.08
tire,725,SAM parts,mixed,85.5
tire,725,SAM object/bg,all,71.68831168831169
tire,725,SAM object/bg,geometric,69.25
tire,725,SAM object/bg,surface,73.6
tire,725,SAM object/bg,mixed,89.0
tire,725,SAM object/bg + DINO,all,68.8051948051948
tire,725,SAM object/bg + DINO,geometric,66.625
tire,725,SAM object/bg + DINO,surface,70.88
tire,725,SAM object/bg + DINO,mixed,82.0
tire,725,SAM object/bg + DINO + CLIP,all,69.74025974025975
tire,725,SAM object/bg + DINO + CLIP,geometric,66.79166666666667
tire,725,SAM object/bg + DINO + CLIP,surface,73.28
tire,725,SAM object/bg + DINO + CLIP,mixed,83.0
tire,725,with 3D scanner: + real depth,all,68.15584415584415
tire,725,with 3D scanner: + real depth,geometric,65.125
tire,725,with 3D scanner: + real depth,surface,71.92
tire,725,with 3D scanner: + real depth,mixed,81.0
tire,823,1 segment,all,74.85714285714286
tire,823,1 segment,geometric,69.57446808510637
tire,823,1 segment,surface,81.15384615384616
tire,823,1 segment,mixed,96.0
tire,823,SAM parts,all,72.28571428571429
tire,823,SAM parts,geometric,66.97872340425532
tire,823,SAM parts,surface,78.84615384615385
tire,823,SAM parts,mixed,92.0
tire,823,SAM object/bg,all,69.37662337662337
tire,823,SAM object/bg,geometric,64.0
tire,823,SAM object/bg,surface,76.07692307692308
tire,823,SAM object/bg,mixed,89.0
tire,823,SAM object/bg + DINO,all,64.54545454545455
tire,823,SAM object/bg + DINO,geometric,59.87234042553191
tire,823,SAM object/bg + DINO,surface,70.84615384615385
tire,823,SAM object/bg + DINO,mixed,78.5
tire,823,SAM object/bg + DINO + CLIP,all,64.31168831168831
tire,823,SAM object/bg + DINO + CLIP,geometric,59.02127659574467
tire,823,SAM object/bg + DINO + CLIP,surface,72.0
tire,823,SAM object/bg + DINO + CLIP,mixed,76.5
tire,823,with 3D scanner: + real depth,all,63.870129870129865
tire,823,with 3D scanner: + real depth,geometric,60.04255319148937
tire,823,with 3D scanner: + real depth,surface,68.6923076923077
tire,823,with 3D scanner: + real depth,mixed,77.5
tire,831,1 segment,all,71.58441558441558
tire,831,1 segment,geometric,70.52
tire,831,1 segment,surface,70.86956521739131
tire,831,1 segment,mixed,89.0
tire,831,SAM parts,all,69.58441558441558
tire,831,SAM parts,geometric,70.4
tire,831,SAM parts,surface,65.56521739130434
tire,831,SAM parts,mixed,82.5
tire,831,SAM object/bg,all,73.35064935064935
tire,831,SAM object/bg,geometric,71.48
tire,831,SAM object/bg,surface,75.73913043478261
tire,831,SAM object/bg,mixed,83.0
tire,831,SAM object/bg + DINO,all,70.88311688311688
tire,831,SAM object/bg + DINO,geometric,69.28
tire,831,SAM object/bg + DINO,surface,72.78260869565217
tire,831,SAM object/bg + DINO,mixed,80.0
tire,831,SAM object/bg + DINO + CLIP,all,69.27272727272728
tire,831,SAM object/bg + DINO + CLIP,geometric,67.96
tire,831,SAM object/bg + DINO + CLIP,surface,72.17391304347825
tire,831,SAM object/bg + DINO + CLIP,mixed,69.0
tire,831,with 3D scanner: + real depth,all,69.16883116883116
tire,831,with 3D scanner: + real depth,geometric,68.16
tire,831,with 3D scanner: + real depth,surface,70.34782608695652
tire,831,with 3D scanner: + real depth,mixed,75.0
tire,902,1 segment,all,80.4155844155844
tire,902,1 segment,geometric,75.95833333333334
tire,902,1 segment,surface,86.66666666666667
tire,902,1 segment,mixed,93.2
tire,902,SAM parts,all,76.77922077922078
tire,902,SAM parts,geometric,74.08333333333333
tire,902,SAM parts,surface,79.75000000000001
tire,902,SAM parts,mixed,88.4
tire,902,SAM object/bg,all,72.93506493506494
tire,902,SAM object/bg,geometric,70.20833333333333
tire,902,SAM object/bg,surface,76.16666666666666
tire,902,SAM object/bg,mixed,83.6
tire,902,SAM object/bg + DINO,all,74.7012987012987
tire,902,SAM object/bg + DINO,geometric,72.0
tire,902,SAM object/bg + DINO,surface,81.25000000000001
tire,902,SAM object/bg + DINO,mixed,69.19999999999999
tire,902,SAM object/bg + DINO + CLIP,all,70.72727272727273
tire,902,SAM object/bg + DINO + CLIP,geometric,69.25
tire,902,SAM object/bg + DINO + CLIP,surface,74.58333333333333
tire,902,SAM object/bg + DINO + CLIP,mixed,66.4
tire,902,with 3D scanner: + real depth,all,71.79220779220779
tire,902,with 3D scanner: + real depth,geometric,69.04166666666667
tire,902,with 3D scanner: + real depth,surface,77.58333333333334
tire,902,with 3D scanner: + real depth,mixed,70.39999999999999
tire,226,1 segment,all,71.61038961038962
tire,226,1 segment,geometric,70.53333333333333
tire,226,1 segment,surface,69.7037037037037
tire,226,1 segment,mixed,91.60000000000001
tire,226,SAM parts,all,68.31168831168831
tire,226,SAM parts,geometric,67.42222222222223
tire,226,SAM parts,surface,68.5185185185185
tire,226,SAM parts,mixed,75.2
tire,226,SAM object/bg,all,65.92207792207792
tire,226,SAM object/bg,geometric,64.62222222222222
tire,226,SAM object/bg,surface,65.55555555555556
tire,226,SAM object/bg,mixed,79.60000000000001
tire,226,SAM object/bg + DINO,all,64.77922077922078
tire,226,SAM object/bg + DINO,geometric,61.91111111111112
tire,226,SAM object/bg + DINO,surface,69.70370370370371
tire,226,SAM object/bg + DINO,mixed,64.0
tire,226,SAM object/bg + DINO + CLIP,all,69.1948051948052
tire,226,SAM object/bg + DINO + CLIP,geometric,65.28888888888889
tire,226,SAM object/bg + DINO + CLIP,surface,74.8888888888889
tire,226,SAM object/bg + DINO + CLIP,mixed,73.6
tire,226,with 3D scanner: + real depth,all,69.97402597402598
tire,226,with 3D scanner: + real depth,geometric,65.15555555555555
tire,226,with 3D scanner: + real depth,surface,77.7037037037037
tire,226,with 3D scanner: + real depth,mixed,71.6
tire,598,1 segment,all,70.12987012987013
tire,598,1 segment,geometric,67.84313725490196
tire,598,1 segment,surface,73.0909090909091
tire,598,1 segment,mixed,83.0
tire,598,SAM parts,all,70.77922077922078
tire,598,SAM parts,geometric,68.15686274509804
tire,598,SAM parts,surface,74.09090909090908
tire,598,SAM parts,mixed,86.00000000000001
tire,598,SAM object/bg,all,78.20779220779221
tire,598,SAM object/bg,geometric,77.29411764705881
tire,598,SAM object/bg,surface,78.0909090909091
tire,598,SAM object/bg,mixed,90.5
tire,598,SAM object/bg + DINO,all,73.1948051948052
tire,598,SAM object/bg + DINO,geometric,71.72549019607844
tire,598,SAM object/bg + DINO,surface,78.54545454545455
tire,598,SAM object/bg + DINO,mixed,62.5
tire,598,SAM object/bg + DINO + CLIP,all,70.96103896103895
tire,598,SAM object/bg + DINO + CLIP,geometric,68.31372549019608
tire,598,SAM object/bg + DINO + CLIP,surface,77.63636363636364
tire,598,SAM object/bg + DINO + CLIP,mixed,68.0
tire,598,with 3D scanner: + real depth,all,70.93506493506494
tire,598,with 3D scanner: + real depth,geometric,68.27450980392157
tire,598,with 3D scanner: + real depth,surface,78.36363636363637
tire,598,with 3D scanner: + real depth,mixed,64.0
tire,874,1 segment,all,75.24675324675326
tire,874,1 segment,geometric,73.3469387755102
tire,874,1 segment,surface,77.66666666666666
tire,874,1 segment,mixed,84.0
tire,874,SAM parts,all,75.81818181818181
tire,874,SAM parts,geometric,74.0
tire,874,SAM parts,surface,78.66666666666666
tire,874,SAM parts,mixed,81.0
tire,874,SAM object/bg,all,74.2077922077922
tire,874,SAM object/bg,geometric,72.48979591836735
tire,874,SAM object/bg,surface,76.49999999999999
tire,874,SAM object/bg,mixed,81.5
tire,874,SAM object/bg + DINO,all,68.44155844155844
tire,874,SAM object/bg + DINO,geometric,66.24489795918367
tire,874,SAM object/bg + DINO,surface,73.25
tire,874,SAM object/bg + DINO,mixed,66.5
tire,874,SAM object/bg + DINO + CLIP,all,71.06493506493507
tire,874,SAM object/bg + DINO + CLIP,geometric,68.89795918367346
tire,874,SAM object/bg + DINO + CLIP,surface,76.0
tire,874,SAM object/bg + DINO + CLIP,mixed,68.0
tire,874,with 3D scanner: + real depth,all,70.20779220779221
tire,874,with 3D scanner: + real depth,geometric,66.9795918367347
tire,874,with 3D scanner: + real depth,surface,76.91666666666666
tire,874,with 3D scanner: + real depth,mixed,69.5
tire,589,1 segment,all,59.97402597402598
tire,589,1 segment,geometric,62.43478260869565
tire,589,1 segment,surface,56.15384615384615
tire,589,1 segment,mixed,57.2
tire,589,SAM parts,all,64.1038961038961
tire,589,SAM parts,geometric,66.30434782608697
tire,589,SAM parts,surface,61.15384615384616
tire,589,SAM parts,mixed,59.20000000000001
tire,589,SAM object/bg,all,61.6103896103896
tire,589,SAM object/bg,geometric,62.69565217391304
tire,589,SAM object/bg,surface,60.53846153846154
tire,589,SAM object/bg,mixed,57.199999999999996
tire,589,SAM object/bg + DINO,all,65.81818181818181
tire,589,SAM object/bg + DINO,geometric,66.52173913043478
tire,589,SAM object/bg + DINO,surface,66.46153846153847
tire,589,SAM object/bg + DINO,mixed,56.00000000000001
tire,589,SAM object/bg + DINO + CLIP,all,71.11688311688312
tire,589,SAM object/bg + DINO + CLIP,geometric,69.56521739130434
tire,589,SAM object/bg + DINO + CLIP,surface,74.92307692307692
tire,589,SAM object/bg + DINO + CLIP,mixed,65.60000000000001
tire,589,with 3D scanner: + real depth,all,69.29870129870129
tire,589,with 3D scanner: + real depth,geometric,68.65217391304348
tire,589,with 3D scanner: + real depth,surface,71.46153846153847
tire,589,with 3D scanner: + real depth,mixed,64.00000000000001
